/*
 Navicat Premium Data Transfer

 Source Server         : 149.88.92.184
 Source Server Type    : MySQL
 Source Server Version : 50744 (5.7.44-log)
 Source Host           : 149.88.92.184:3306
 Source Schema         : ry

 Target Server Type    : MySQL
 Target Server Version : 50744 (5.7.44-log)
 File Encoding         : 65001

 Date: 19/04/2024 18:31:31
*/

SET NAMES utf8mb4;
SET FOREIGN_KEY_CHECKS = 0;

-- ----------------------------
-- Table structure for async_proc_auto_task
-- ----------------------------
DROP TABLE IF EXISTS `async_proc_auto_task`;
CREATE TABLE `async_proc_auto_task` (
                                        `task_id` varchar(30) NOT NULL COMMENT '任务id',
                                        `task_type` varchar(6) NOT NULL COMMENT '任务类型',
                                        `task_data` text NOT NULL COMMENT '任务数据',
                                        `parent_task_id` varchar(30) NOT NULL DEFAULT '-1' COMMENT '父任务id',
                                        `delay_time` bigint(20) DEFAULT NULL COMMENT '延迟时间',
                                        `is_delay_task` char(1) DEFAULT '0' COMMENT '是否延迟任务',
                                        `times_max_retry` int(11) DEFAULT '0' COMMENT '最大重试次数',
                                        `status_proc` varchar(2) NOT NULL COMMENT '处理状态(00:未处理,90:成功,91:失败)',
                                        `status_proc_desc` text COMMENT '处理描述',
                                        `proc_start_time` datetime DEFAULT NULL COMMENT '处理开始时间',
                                        `proc_end_time` datetime DEFAULT NULL COMMENT '处理结束时间',
                                        `times_proc_failed` int(11) DEFAULT '0' COMMENT '处理失败次数',
                                        `failed_reason_code` varchar(10) DEFAULT NULL COMMENT '失败原因代码',
                                        `failed_reason_desc` text COMMENT '失败原因描述',
                                        `create_by` varchar(64) NOT NULL COMMENT '创建者',
                                        `create_time` datetime DEFAULT NULL COMMENT '创建时间',
                                        `update_by` varchar(64) DEFAULT NULL COMMENT '更新者',
                                        `update_time` datetime DEFAULT NULL COMMENT '更新时间',
                                        `remark` varchar(500) DEFAULT NULL COMMENT '备注',
                                        PRIMARY KEY (`task_id`),
                                        KEY `idx_bpat_2` (`task_type`) USING BTREE,
                                        KEY `idx_bpat_3` (`status_proc`) USING BTREE
) ENGINE=InnoDB DEFAULT CHARSET=utf8 COMMENT='异步任务';

-- ----------------------------
-- Records of async_proc_auto_task
-- ----------------------------
BEGIN;
COMMIT;

-- ----------------------------
-- Table structure for async_proc_task_type_cfg
-- ----------------------------
DROP TABLE IF EXISTS `async_proc_task_type_cfg`;
CREATE TABLE `async_proc_task_type_cfg` (
                                            `task_type` varchar(6) NOT NULL COMMENT '任务类型',
                                            `task_type_name` varchar(100) DEFAULT NULL COMMENT '任务类型名称',
                                            `exec_srv_id` varchar(100) DEFAULT NULL COMMENT '执行服务beanId',
                                            `is_delay_task` char(1) DEFAULT '0' COMMENT '是否延迟任务',
                                            `delay_time` bigint(20) DEFAULT NULL COMMENT '延迟时间',
                                            `times_max_retry` int(11) DEFAULT '0' COMMENT '最大重试次数',
                                            `create_by` varchar(64) DEFAULT NULL COMMENT '创建者',
                                            `create_time` datetime DEFAULT NULL COMMENT '创建时间',
                                            `update_by` varchar(64) DEFAULT NULL COMMENT '更新者',
                                            `update_time` datetime DEFAULT NULL COMMENT '更新时间',
                                            `remark` varchar(500) DEFAULT NULL COMMENT '备注',
                                            PRIMARY KEY (`task_type`)
) ENGINE=InnoDB DEFAULT CHARSET=utf8 COMMENT='异步任务配置';

-- ----------------------------
-- Records of async_proc_task_type_cfg
-- ----------------------------
BEGIN;
COMMIT;

-- ----------------------------
-- Table structure for email
-- ----------------------------
DROP TABLE IF EXISTS `email`;
CREATE TABLE `email` (
                         `oid` bigint(20) NOT NULL AUTO_INCREMENT COMMENT '表自增唯一id',
                         `to_email` varchar(200) NOT NULL COMMENT '收件人, json数组',
                         `email_tpl_code` varchar(20) DEFAULT NULL COMMENT '邮件模板编号',
                         `subject` varchar(500) NOT NULL COMMENT '邮件主题',
                         `content` mediumblob COMMENT '邮件内容',
                         `json_data` varchar(2000) DEFAULT NULL COMMENT '组装的json数据',
                         `files` varchar(200) DEFAULT NULL COMMENT '邮件附件',
                         `proc_status` varchar(10) DEFAULT '00',
                         `proc_desc` varchar(2000) DEFAULT NULL,
                         `proc_time` datetime NOT NULL,
                         `create_by` varchar(64) DEFAULT NULL COMMENT '创建者',
                         `create_time` datetime DEFAULT NULL COMMENT '创建时间',
                         `update_by` varchar(64) DEFAULT NULL COMMENT '更新者',
                         `update_time` datetime DEFAULT NULL COMMENT '更新时间',
                         `remark` varchar(500) DEFAULT NULL COMMENT '备注',
                         PRIMARY KEY (`oid`),
                         KEY `inx_1` (`email_tpl_code`),
                         KEY `inx_2` (`subject`)
) ENGINE=InnoDB AUTO_INCREMENT=337 DEFAULT CHARSET=utf8 COMMENT='邮箱表';

-- ----------------------------
-- Records of email
-- ----------------------------
BEGIN;
COMMIT;

-- ----------------------------
-- Table structure for email_template
-- ----------------------------
DROP TABLE IF EXISTS `email_template`;
CREATE TABLE `email_template` (
                                  `email_tpl_code` varchar(20) NOT NULL COMMENT '邮件模板编号',
                                  `desc` varchar(100) NOT NULL COMMENT '描述',
                                  `subject` varchar(500) NOT NULL COMMENT '邮件模板主题',
                                  `content` text NOT NULL COMMENT '邮件模板内容,html格式',
                                  `test_json_data` varchar(2000) DEFAULT NULL COMMENT '测试的json数据',
                                  `status` varchar(2) DEFAULT '00' COMMENT '状态',
                                  `create_by` varchar(64) DEFAULT NULL COMMENT '创建者',
                                  `create_time` datetime DEFAULT NULL COMMENT '创建时间',
                                  `update_by` varchar(64) DEFAULT NULL COMMENT '更新者',
                                  `update_time` datetime DEFAULT NULL COMMENT '更新时间',
                                  `remark` varchar(500) DEFAULT NULL COMMENT '备注',
                                  PRIMARY KEY (`email_tpl_code`)
) ENGINE=InnoDB DEFAULT CHARSET=utf8 COMMENT='邮件模板';

-- ----------------------------
-- Records of email_template
-- ----------------------------
BEGIN;
COMMIT;

-- ----------------------------
-- Table structure for gen_table
-- ----------------------------
DROP TABLE IF EXISTS `gen_table`;
CREATE TABLE `gen_table` (
                             `table_id` bigint(20) NOT NULL AUTO_INCREMENT COMMENT '编号',
                             `table_name` varchar(200) DEFAULT '' COMMENT '表名称',
                             `table_comment` varchar(500) DEFAULT '' COMMENT '表描述',
                             `sub_table_name` varchar(64) DEFAULT NULL COMMENT '关联子表的表名',
                             `sub_table_fk_name` varchar(64) DEFAULT NULL COMMENT '子表关联的外键名',
                             `class_name` varchar(100) DEFAULT '' COMMENT '实体类名称',
                             `tpl_category` varchar(200) DEFAULT 'crud' COMMENT '使用的模板（crud单表操作 tree树表操作）',
                             `package_name` varchar(100) DEFAULT NULL COMMENT '生成包路径',
                             `module_name` varchar(30) DEFAULT NULL COMMENT '生成模块名',
                             `business_name` varchar(30) DEFAULT NULL COMMENT '生成业务名',
                             `function_name` varchar(50) DEFAULT NULL COMMENT '生成功能名',
                             `function_author` varchar(50) DEFAULT NULL COMMENT '生成功能作者',
                             `gen_type` char(1) DEFAULT '0' COMMENT '生成代码方式（0zip压缩包 1自定义路径）',
                             `gen_path` varchar(200) DEFAULT '/' COMMENT '生成路径（不填默认项目路径）',
                             `options` varchar(1000) DEFAULT NULL COMMENT '其它生成选项',
                             `create_by` varchar(64) DEFAULT '' COMMENT '创建者',
                             `create_time` datetime DEFAULT NULL COMMENT '创建时间',
                             `update_by` varchar(64) DEFAULT '' COMMENT '更新者',
                             `update_time` datetime DEFAULT NULL COMMENT '更新时间',
                             `remark` varchar(500) DEFAULT NULL COMMENT '备注',
                             PRIMARY KEY (`table_id`)
) ENGINE=InnoDB DEFAULT CHARSET=utf8mb4 COMMENT='代码生成业务表';

-- ----------------------------
-- Records of gen_table
-- ----------------------------
BEGIN;
COMMIT;

-- ----------------------------
-- Table structure for gen_table_column
-- ----------------------------
DROP TABLE IF EXISTS `gen_table_column`;
CREATE TABLE `gen_table_column` (
                                    `column_id` bigint(20) NOT NULL AUTO_INCREMENT COMMENT '编号',
                                    `table_id` bigint(20) DEFAULT NULL COMMENT '归属表编号',
                                    `column_name` varchar(200) DEFAULT NULL COMMENT '列名称',
                                    `column_comment` varchar(500) DEFAULT NULL COMMENT '列描述',
                                    `column_type` varchar(100) DEFAULT NULL COMMENT '列类型',
                                    `column_length` int(11) DEFAULT NULL COMMENT '列长度',
                                    `java_type` varchar(500) DEFAULT NULL COMMENT 'JAVA类型',
                                    `java_field` varchar(200) DEFAULT NULL COMMENT 'JAVA字段名',
                                    `is_pk` char(1) DEFAULT NULL COMMENT '是否主键（1是）',
                                    `is_increment` char(1) DEFAULT NULL COMMENT '是否自增（1是）',
                                    `is_required` char(1) DEFAULT NULL COMMENT '是否必填（1是）',
                                    `is_insert` char(1) DEFAULT NULL COMMENT '是否为插入字段（1是）',
                                    `is_edit` char(1) DEFAULT NULL COMMENT '是否编辑字段（1是）',
                                    `is_list` char(1) DEFAULT NULL COMMENT '是否列表字段（1是）',
                                    `is_query` char(1) DEFAULT NULL COMMENT '是否查询字段（1是）',
                                    `query_type` varchar(200) DEFAULT 'EQ' COMMENT '查询方式（等于、不等于、大于、小于、范围）',
                                    `html_type` varchar(200) DEFAULT NULL COMMENT '显示类型（文本框、文本域、下拉框、复选框、单选框、日期控件）',
                                    `dict_type` varchar(200) DEFAULT '' COMMENT '字典类型',
                                    `sort` int(11) DEFAULT NULL COMMENT '排序',
                                    `create_by` varchar(64) DEFAULT '' COMMENT '创建者',
                                    `create_time` datetime DEFAULT NULL COMMENT '创建时间',
                                    `update_by` varchar(64) DEFAULT '' COMMENT '更新者',
                                    `update_time` datetime DEFAULT NULL COMMENT '更新时间',
                                    PRIMARY KEY (`column_id`)
) ENGINE=InnoDB DEFAULT CHARSET=utf8mb4 COMMENT='代码生成业务表字段';

-- ----------------------------
-- Records of gen_table_column
-- ----------------------------
BEGIN;
COMMIT;

-- ----------------------------
-- Table structure for message_profile
-- ----------------------------
DROP TABLE IF EXISTS `message_profile`;
CREATE TABLE `message_profile` (
                                   `id` bigint(20) NOT NULL AUTO_INCREMENT COMMENT '表自增唯一id',
                                   `busi_scene_code` varchar(8) NOT NULL COMMENT 'busi_type+msg_type+receiver_type+编号',
                                   `busi_type` varchar(2) NOT NULL COMMENT '业务类型',
                                   `msg_type` varchar(2) NOT NULL COMMENT '10:任务通知,20:资源调整',
                                   `receiver_type` varchar(2) NOT NULL COMMENT '接收类型:10:用户',
                                   `msg_title` varchar(256) DEFAULT NULL,
                                   `msg_content` mediumblob NOT NULL,
                                   `msg_link` varchar(200) DEFAULT NULL,
                                   `biz_id` varchar(30) DEFAULT NULL,
                                   `biz_param` mediumblob,
                                   `receiver_id` varchar(50) NOT NULL,
                                   `receiver_name` varchar(100) NOT NULL,
                                   `receiver_email` varchar(100) DEFAULT NULL,
                                   `receiver_mobile_no` varchar(30) DEFAULT NULL,
                                   `email_notify` varchar(1) NOT NULL DEFAULT '0' COMMENT '是否邮件通知',
                                   `email_tpl_code` varchar(20) DEFAULT NULL COMMENT '邮件模板编号,email_notify为1时必填',
                                   `flag_read` varchar(1) NOT NULL DEFAULT '0',
                                   `flag_popup` varchar(1) NOT NULL DEFAULT '0',
                                   `read_time` datetime DEFAULT NULL,
                                   `proc_rslt` varchar(2) DEFAULT NULL COMMENT '处理结果,90:成功,91:失败',
                                   `proc_time` datetime DEFAULT NULL,
                                   `send_time` datetime NOT NULL,
                                   `create_by` varchar(255) NOT NULL COMMENT '创建者',
                                   `create_time` datetime NOT NULL ON UPDATE CURRENT_TIMESTAMP COMMENT '创建时间',
                                   `update_by` varchar(64) DEFAULT NULL COMMENT '更新者',
                                   `update_time` datetime DEFAULT NULL COMMENT '更新时间',
                                   `remark` varchar(500) DEFAULT NULL COMMENT '备注',
                                   PRIMARY KEY (`id`),
                                   KEY `inx_1` (`busi_scene_code`),
                                   KEY `inx_2` (`busi_type`),
                                   KEY `inx_3` (`msg_title`)
) ENGINE=InnoDB DEFAULT CHARSET=utf8 COMMENT='消息表';

-- ----------------------------
-- Records of message_profile
-- ----------------------------
BEGIN;
COMMIT;

-- ----------------------------
-- Table structure for message_template
-- ----------------------------
DROP TABLE IF EXISTS `message_template`;
CREATE TABLE `message_template` (
                                    `busi_scene_code` varchar(8) NOT NULL COMMENT 'busi_type+msg_type+receiver_type组成',
                                    `busi_type` varchar(2) NOT NULL COMMENT '业务类型',
                                    `msg_type` varchar(2) NOT NULL COMMENT '10:任务通知,20:资源调整',
                                    `receiver_type` varchar(2) NOT NULL COMMENT '接收类型:10:用户',
                                    `msg_desc` varchar(100) DEFAULT NULL COMMENT '消息描述',
                                    `msg_title_template` varchar(200) DEFAULT NULL,
                                    `msg_content_template` blob NOT NULL,
                                    `msg_link_template` varchar(200) DEFAULT NULL,
                                    `status` varchar(2) DEFAULT '00' COMMENT '状态',
                                    `email_notify` varchar(1) NOT NULL DEFAULT '0' COMMENT '是否邮件通知',
                                    `email_tpl_code` varchar(20) DEFAULT NULL COMMENT '邮件模板编号,email_notify为1时必填',
                                    `create_by` varchar(255) NOT NULL COMMENT '创建者',
                                    `create_time` datetime NOT NULL ON UPDATE CURRENT_TIMESTAMP COMMENT '创建时间',
                                    `update_by` varchar(64) DEFAULT NULL COMMENT '更新者',
                                    `update_time` datetime DEFAULT NULL COMMENT '更新时间',
                                    `remark` varchar(500) DEFAULT NULL COMMENT '备注',
                                    PRIMARY KEY (`busi_scene_code`),
                                    KEY `inx_1` (`busi_scene_code`),
                                    KEY `inx_2` (`busi_type`),
                                    KEY `inx_3` (`msg_title_template`)
) ENGINE=InnoDB DEFAULT CHARSET=utf8 COMMENT='消息模板表';

-- ----------------------------
-- Records of message_template
-- ----------------------------
BEGIN;
COMMIT;

-- ----------------------------
-- Table structure for sequence
-- ----------------------------
DROP TABLE IF EXISTS `sequence`;
CREATE TABLE `sequence` (
                            `seq` bigint(20) NOT NULL,
                            `name` varchar(10) NOT NULL,
                            PRIMARY KEY (`name`) USING BTREE
) ENGINE=InnoDB DEFAULT CHARSET=utf8;

-- ----------------------------
-- Records of sequence
-- ----------------------------
BEGIN;
COMMIT;


DROP table if exists `system_config_facade`;
create table `system_config_facade` (
                                        `cfg_key` varchar(50) not null comment '配置参数字段名',
                                        `desc` varchar(200) default null comment '描述',
                                        `title_dsp` varchar(50) default null comment '标题显示',
                                        `tips_dsp` varchar(100) default null comment '提示显示',
                                        `form_type` varchar(20) default null comment 'input_text, textarea; input_file_image; input_text_number,input_checkbox:,select, default:input_text',
                                        `tab_type` varchar(20) default null comment '类别名称',
                                        `tab_type_dsp` varchar(50) default null comment '类别显示',
                                        `required` char(1) not null default '0' comment '是否必填',
                                        `options` varchar(1000) default null comment '可选类型,json数据,eg:[{''value'':''on'',''dsp'':''开启''}]',
                                        `validate_type` varchar(200) default null comment 'maxlength|number|integer|minnum|maxnum|regex... ''|''分隔',
                                        `validate_value` varchar(1000) default null comment '验证值,json数据 eg: {\\"maxlength\\":{\\"value\\":50,\\"lay-verify\\":\\"lay-max=''50''\\"}}',
                                        `index` int not null default '1' comment '排序索引',
                                        `create_time` datetime not null comment '创建时间',
                                        `update_time` datetime not null comment '更新时间',
                                        primary key (`cfg_key`)
) engine=innodb default charset=utf8 comment='系统配置表';



DROP table if exists `system_config`;
create table `system_config` (
                                 `key` varchar(50) not null comment '键',
                                 `desc` varchar(200) default null comment '描述',
                                 `cfg_type` varchar(20) character set utf8 collate utf8_general_ci default 'sys' comment '配置类型',
                                 `value_type` varchar(10) default null comment 's:string, n:number; d:date; b:boolean, default:s',
                                 `string_value` varchar(2000) default null comment '字符串类型',
                                 `int_value` int default null comment 'int 类型',
                                 `float_value` decimal(10,4) default null comment 'float 类型',
                                 `boolean_value` char(1) default null comment 'boolean 类型',
                                 `date_value` datetime default null comment 'date 类型',
                                 `valid` char(1) default '1' comment '是否有效',
                                 `create_time` datetime not null comment '创建时间',
                                 `create_by` varchar(20) not null default 'admin' comment '创建者',
                                 `update_time` datetime not null comment '更新时间',
                                 `update_by` varchar(20) not null default 'admin' comment '更新者',
                                 primary key (`key`),
                                 unique key `web_cfg_index` (`key`)
) engine=innodb default charset=utf8 comment='系统配置表';

INSERT INTO `system_config` VALUES ('sys_app_name', '应用名称', 'system', 'S', '简窝面试宝', NULL, NULL, NULL, NULL, '1', NOW(), 'admin', NOW(), 'admin');
INSERT INTO `system_config_facade` VALUES ('sys_app_name', '应用名称', '应用名称', NULL, 'input_text', 'system', '系统配置', '1', NULL, 'maxLength', '{\"maxLength\":{\"value\":20}}', 100, NOW(), NOW());

INSERT INTO `system_config` VALUES ('sys_index_skinName', '默认皮肤样式名称', 'system', 'S', 'skin-blue', NULL, NULL, NULL, NULL, '1', NOW(), 'admin', NOW(), 'admin');
INSERT INTO `system_config_facade` VALUES ('sys_index_skinName', '默认皮肤样式名称', '默认皮肤样式名称', NULL, 'input_text', 'system', '系统配置', '1', NULL, 'maxLength', '{\"maxLength\":{\"value\":20}}', 101, NOW(), NOW());

INSERT INTO `system_config` VALUES ('sys_user_initPassword', '账号初始密码', 'system', 'S', '123456', NULL, NULL, NULL, NULL, '1', NOW(), 'admin', NOW(), 'admin');
INSERT INTO `system_config_facade` VALUES ('sys_user_initPassword', '账号初始密码', '账号初始密码', NULL, 'input_text', 'system', '系统配置', '1', NULL, 'maxLength', '{\"maxLength\":{\"value\":20}}', 102, NOW(), NOW());

INSERT INTO `system_config` VALUES ('sys_index_sideTheme', '侧边栏主题', 'system', 'S', 'theme-dark', NULL, NULL, NULL, NULL, '1', NOW(), 'admin', NOW(), 'admin');
INSERT INTO `system_config_facade` VALUES ('sys_index_sideTheme', '侧边栏主题', '侧边栏主题', NULL, 'input_text', 'system', '系统配置', '1', NULL, 'maxLength', '{\"maxLength\":{\"value\":20}}', 103, NOW(), NOW());

INSERT INTO `system_config` VALUES ('sys_account_captchaEnabled', '验证码开关', 'system', 'B', NULL, NULL, NULL, '0', NULL, '1', NOW(), 'admin', NOW(), 'admin');
INSERT INTO `system_config_facade` VALUES ('sys_account_captchaEnabled', '验证码开关', '验证码开关', NULL, 'input_checkbox', 'system', '系统配置', '1', NULL, NULL, NULL, 104, NOW(), NOW());

INSERT INTO `system_config` VALUES ('sys_account_registerUser', '开启用户注册', 'system', 'B', NULL, NULL, NULL, '0', NULL, '1', NOW(), 'admin', NOW(), 'admin');
INSERT INTO `system_config_facade` VALUES ('sys_account_registerUser', '开启用户注册', '开启用户注册', NULL, 'input_checkbox', 'system', '系统配置', '1', NULL, NULL, NULL, 105, NOW(), NOW());


INSERT INTO `system_config` VALUES ('sys_login_black_ip_list', '黑名单列表', 'system', 'S', '', NULL, NULL, NULL, NULL, '1', NOW(), 'admin', NOW(), 'admin');
INSERT INTO `system_config_facade` VALUES ('sys_login_black_ip_list', '黑名单列表', '黑名单列表', NULL, 'input_text', 'system', '系统配置', '0', NULL, 'maxLength', '{\"maxLength\":{\"value\":2000}}', 106, NOW(), NOW());

INSERT INTO `system_config` VALUES ('sys_admin_email_address', '管理员邮箱', 'email', 'S', '1729846470@qq.com', NULL, NULL, NULL, NULL, '1', NOW(), 'admin', NOW(), 'admin');
INSERT INTO `system_config` VALUES ('sys_exception_email_notify', ' 异常邮件发送', 'email', 'B', NULL, NULL, NULL, '1', NULL, '1', NOW(), 'admin', NOW(), 'admin');
INSERT INTO `system_config` VALUES ('sys_email_host', '邮箱主机', 'email', 'S', 'smtp.mxhichina.com', NULL, NULL, NULL, NULL, '1', NOW(), 'admin', NOW(), 'admin');
INSERT INTO `system_config` VALUES ('sys_email_user_nick', '邮箱用户昵称', 'email', 'S', '简窝AI', NULL, NULL, NULL, NULL, '1', NOW(), 'admin', NOW(), 'admin');
INSERT INTO `system_config` VALUES ('sys_email_port', '邮箱端口', 'email', 'I', NULL, 465, NULL, NULL, NULL, '1', NOW(), 'admin', NOW(), 'admin');
INSERT INTO `system_config` VALUES ('sys_email_password', '邮箱密码', 'email', 'S', 'lihua0105@', NULL, NULL, NULL, NULL, '1', NOW(), 'admin', NOW(), 'admin');
INSERT INTO `system_config` VALUES ('sys_email_username', '邮箱用户名', 'email', 'S', 'system@jianwoo.cn', NULL, NULL, NULL, NULL, '1', NOW(), 'admin', NOW(), 'admin');



INSERT INTO `system_config_facade` VALUES ('sys_admin_email_address', '管理员邮箱', '管理员邮箱', NULL, 'input_text', 'email', '邮箱', '0', NULL, 'maxLength', '{\"maxLength\":{\"value\":50}}', 215, NOW(), NOW());
INSERT INTO `system_config_facade` VALUES ('sys_exception_email_notify', '异常邮件发送', '异常邮件发送', NULL, 'input_checkbox', 'email', '邮箱', '0', NULL, NULL, NULL, 216,  NOW(), NOW());
INSERT INTO `system_config_facade` VALUES ('sys_email_host', '邮箱主机', '主机', NULL, 'input_text', 'email', '邮箱', '0', NULL, 'maxLength', '{\"maxLength\":{\"value\":50}}', 210, NOW(), NOW());
INSERT INTO `system_config_facade` VALUES ('sys_email_user_nick', '邮箱用户昵称', '用户昵称', NULL, 'input_text', 'email', '邮箱', '0', NULL, 'maxLength', '{\"maxLength\":{\"value\":50}}', 214, NOW(), NOW());
INSERT INTO `system_config_facade` VALUES ('sys_email_port', '邮箱端口', '端口', NULL, 'input_text_number', 'email', '邮箱', '0', NULL, 'integer', NULL, 211, NOW(), NOW());
INSERT INTO `system_config_facade` VALUES ('sys_email_password', '邮箱密码', '密码', NULL, 'input_text', 'email', '邮箱', '0', NULL, 'maxLength', '{\"maxLength\":{\"value\":50}}', 213, NOW(), NOW());
INSERT INTO `system_config_facade` VALUES ('sys_email_username', '邮箱用户名', '用户名', NULL, 'input_text', 'email', '邮箱', '0', NULL, 'maxLength', '{\"maxLength\":{\"value\":50}}', 212, NOW(), NOW());

INSERT INTO `system_config` VALUES ('sys_app_logo', '应用LOGO', 'system', 'S', 'https://cdn.jianwoo.cn/image/chatgpt/logo.png', NULL, NULL, NULL, NULL, '1', NOW(), 'admin', NOW(), 'admin');
INSERT INTO `system_config_facade` VALUES ('sys_app_logo', '应用LOGO', '应用LOGO', NULL, 'input_file_image', 'system', '系统配置', '1', NULL, 'maxLength', '{\"maxLength\":{\"value\":2000}}', 104,NOW(), NOW());





-- ----------------------------
-- Table structure for sys_dept
-- ----------------------------
DROP TABLE IF EXISTS `sys_dept`;
CREATE TABLE `sys_dept` (
                            `dept_id` bigint(20) NOT NULL AUTO_INCREMENT COMMENT '部门id',
                            `parent_id` bigint(20) DEFAULT '0' COMMENT '父部门id',
                            `ancestors` varchar(50) DEFAULT '' COMMENT '祖级列表',
                            `dept_name` varchar(30) DEFAULT '' COMMENT '部门名称',
                            `order_num` int(4) DEFAULT '0' COMMENT '显示顺序',
                            `leader` varchar(20) DEFAULT NULL COMMENT '负责人',
                            `phone` varchar(11) DEFAULT NULL COMMENT '联系电话',
                            `email` varchar(50) DEFAULT NULL COMMENT '邮箱',
                            `status` char(1) DEFAULT '0' COMMENT '部门状态（0正常 1停用）',
                            `del_flag` char(1) DEFAULT '0' COMMENT '删除标志（0代表存在 2代表删除）',
                            `create_by` varchar(64) DEFAULT '' COMMENT '创建者',
                            `create_time` datetime DEFAULT NULL COMMENT '创建时间',
                            `update_by` varchar(64) DEFAULT '' COMMENT '更新者',
                            `update_time` datetime DEFAULT NULL COMMENT '更新时间',
                            PRIMARY KEY (`dept_id`)
) ENGINE=InnoDB AUTO_INCREMENT=110 DEFAULT CHARSET=utf8mb4 COMMENT='部门表';

-- ----------------------------
-- Records of sys_dept
-- ----------------------------
BEGIN;
COMMIT;

-- ----------------------------
-- Table structure for sys_dict_data
-- ----------------------------
DROP TABLE IF EXISTS `sys_dict_data`;
CREATE TABLE `sys_dict_data` (
                                 `dict_code` bigint(20) NOT NULL AUTO_INCREMENT COMMENT '字典编码',
                                 `dict_sort` int(4) DEFAULT '0' COMMENT '字典排序',
                                 `dict_label` varchar(100) DEFAULT '' COMMENT '字典标签',
                                 `dict_value` varchar(100) DEFAULT '' COMMENT '字典键值',
                                 `dict_type` varchar(100) DEFAULT '' COMMENT '字典类型',
                                 `css_class` varchar(100) DEFAULT NULL COMMENT '样式属性（其他样式扩展）',
                                 `list_class` varchar(100) DEFAULT NULL COMMENT '表格回显样式',
                                 `is_default` char(1) DEFAULT 'N' COMMENT '是否默认（Y是 N否）',
                                 `status` char(1) DEFAULT '0' COMMENT '状态（0正常 1停用）',
                                 `create_by` varchar(64) DEFAULT '' COMMENT '创建者',
                                 `create_time` datetime DEFAULT NULL COMMENT '创建时间',
                                 `update_by` varchar(64) DEFAULT '' COMMENT '更新者',
                                 `update_time` datetime DEFAULT NULL COMMENT '更新时间',
                                 `remark` varchar(500) DEFAULT NULL COMMENT '备注',
                                 PRIMARY KEY (`dict_code`)
) ENGINE=InnoDB AUTO_INCREMENT=30 DEFAULT CHARSET=utf8mb4 COMMENT='字典数据表';

-- ----------------------------
-- Records of sys_dict_data
-- ----------------------------
BEGIN;
INSERT INTO `sys_dict_data` (`dict_code`, `dict_sort`, `dict_label`, `dict_value`, `dict_type`, `css_class`, `list_class`, `is_default`, `status`, `create_by`, `create_time`, `update_by`, `update_time`, `remark`) VALUES (1, 1, '男', '0', 'sys_user_sex', '', '', 'Y', '0', 'admin', '2023-09-01 17:33:52', '', NULL, '性别男');
INSERT INTO `sys_dict_data` (`dict_code`, `dict_sort`, `dict_label`, `dict_value`, `dict_type`, `css_class`, `list_class`, `is_default`, `status`, `create_by`, `create_time`, `update_by`, `update_time`, `remark`) VALUES (2, 2, '女', '1', 'sys_user_sex', '', '', 'N', '0', 'admin', '2023-09-01 17:33:52', '', NULL, '性别女');
INSERT INTO `sys_dict_data` (`dict_code`, `dict_sort`, `dict_label`, `dict_value`, `dict_type`, `css_class`, `list_class`, `is_default`, `status`, `create_by`, `create_time`, `update_by`, `update_time`, `remark`) VALUES (3, 3, '未知', '2', 'sys_user_sex', '', '', 'N', '0', 'admin', '2023-09-01 17:33:52', '', NULL, '性别未知');
INSERT INTO `sys_dict_data` (`dict_code`, `dict_sort`, `dict_label`, `dict_value`, `dict_type`, `css_class`, `list_class`, `is_default`, `status`, `create_by`, `create_time`, `update_by`, `update_time`, `remark`) VALUES (4, 1, '显示', '0', 'sys_show_hide', '', 'primary', 'Y', '0', 'admin', '2023-09-01 17:33:52', '', NULL, '显示菜单');
INSERT INTO `sys_dict_data` (`dict_code`, `dict_sort`, `dict_label`, `dict_value`, `dict_type`, `css_class`, `list_class`, `is_default`, `status`, `create_by`, `create_time`, `update_by`, `update_time`, `remark`) VALUES (5, 2, '隐藏', '1', 'sys_show_hide', '', 'danger', 'N', '0', 'admin', '2023-09-01 17:33:52', '', NULL, '隐藏菜单');
INSERT INTO `sys_dict_data` (`dict_code`, `dict_sort`, `dict_label`, `dict_value`, `dict_type`, `css_class`, `list_class`, `is_default`, `status`, `create_by`, `create_time`, `update_by`, `update_time`, `remark`) VALUES (6, 1, '正常', '0', 'sys_normal_disable', '', 'primary', 'Y', '0', 'admin', '2023-09-01 17:33:52', '', NULL, '正常状态');
INSERT INTO `sys_dict_data` (`dict_code`, `dict_sort`, `dict_label`, `dict_value`, `dict_type`, `css_class`, `list_class`, `is_default`, `status`, `create_by`, `create_time`, `update_by`, `update_time`, `remark`) VALUES (7, 2, '停用', '1', 'sys_normal_disable', '', 'danger', 'N', '0', 'admin', '2023-09-01 17:33:52', '', NULL, '停用状态');
INSERT INTO `sys_dict_data` (`dict_code`, `dict_sort`, `dict_label`, `dict_value`, `dict_type`, `css_class`, `list_class`, `is_default`, `status`, `create_by`, `create_time`, `update_by`, `update_time`, `remark`) VALUES (8, 1, '正常', '0', 'sys_job_status', '', 'primary', 'Y', '0', 'admin', '2023-09-01 17:33:52', '', NULL, '正常状态');
INSERT INTO `sys_dict_data` (`dict_code`, `dict_sort`, `dict_label`, `dict_value`, `dict_type`, `css_class`, `list_class`, `is_default`, `status`, `create_by`, `create_time`, `update_by`, `update_time`, `remark`) VALUES (9, 2, '暂停', '1', 'sys_job_status', '', 'danger', 'N', '0', 'admin', '2023-09-01 17:33:52', '', NULL, '停用状态');
INSERT INTO `sys_dict_data` (`dict_code`, `dict_sort`, `dict_label`, `dict_value`, `dict_type`, `css_class`, `list_class`, `is_default`, `status`, `create_by`, `create_time`, `update_by`, `update_time`, `remark`) VALUES (10, 1, '默认', 'DEFAULT', 'sys_job_group', '', '', 'Y', '0', 'admin', '2023-09-01 17:33:52', '', NULL, '默认分组');
INSERT INTO `sys_dict_data` (`dict_code`, `dict_sort`, `dict_label`, `dict_value`, `dict_type`, `css_class`, `list_class`, `is_default`, `status`, `create_by`, `create_time`, `update_by`, `update_time`, `remark`) VALUES (11, 2, '系统', 'SYSTEM', 'sys_job_group', '', '', 'N', '0', 'admin', '2023-09-01 17:33:52', '', NULL, '系统分组');
INSERT INTO `sys_dict_data` (`dict_code`, `dict_sort`, `dict_label`, `dict_value`, `dict_type`, `css_class`, `list_class`, `is_default`, `status`, `create_by`, `create_time`, `update_by`, `update_time`, `remark`) VALUES (12, 1, '是', 'Y', 'sys_yes_no', '', 'primary', 'Y', '0', 'admin', '2023-09-01 17:33:52', '', NULL, '系统默认是');
INSERT INTO `sys_dict_data` (`dict_code`, `dict_sort`, `dict_label`, `dict_value`, `dict_type`, `css_class`, `list_class`, `is_default`, `status`, `create_by`, `create_time`, `update_by`, `update_time`, `remark`) VALUES (13, 2, '否', 'N', 'sys_yes_no', '', 'danger', 'N', '0', 'admin', '2023-09-01 17:33:52', '', NULL, '系统默认否');
INSERT INTO `sys_dict_data` (`dict_code`, `dict_sort`, `dict_label`, `dict_value`, `dict_type`, `css_class`, `list_class`, `is_default`, `status`, `create_by`, `create_time`, `update_by`, `update_time`, `remark`) VALUES (14, 1, '通知', '1', 'sys_notice_type', '', 'warning', 'Y', '0', 'admin', '2023-09-01 17:33:52', '', NULL, '通知');
INSERT INTO `sys_dict_data` (`dict_code`, `dict_sort`, `dict_label`, `dict_value`, `dict_type`, `css_class`, `list_class`, `is_default`, `status`, `create_by`, `create_time`, `update_by`, `update_time`, `remark`) VALUES (15, 2, '公告', '2', 'sys_notice_type', '', 'success', 'N', '0', 'admin', '2023-09-01 17:33:52', '', NULL, '公告');
INSERT INTO `sys_dict_data` (`dict_code`, `dict_sort`, `dict_label`, `dict_value`, `dict_type`, `css_class`, `list_class`, `is_default`, `status`, `create_by`, `create_time`, `update_by`, `update_time`, `remark`) VALUES (16, 1, '正常', '0', 'sys_notice_status', '', 'primary', 'Y', '0', 'admin', '2023-09-01 17:33:53', '', NULL, '正常状态');
INSERT INTO `sys_dict_data` (`dict_code`, `dict_sort`, `dict_label`, `dict_value`, `dict_type`, `css_class`, `list_class`, `is_default`, `status`, `create_by`, `create_time`, `update_by`, `update_time`, `remark`) VALUES (17, 2, '关闭', '1', 'sys_notice_status', '', 'danger', 'N', '0', 'admin', '2023-09-01 17:33:53', '', NULL, '关闭状态');
INSERT INTO `sys_dict_data` (`dict_code`, `dict_sort`, `dict_label`, `dict_value`, `dict_type`, `css_class`, `list_class`, `is_default`, `status`, `create_by`, `create_time`, `update_by`, `update_time`, `remark`) VALUES (18, 99, '其他', '0', 'sys_oper_type', '', 'info', 'N', '0', 'admin', '2023-09-01 17:33:53', '', NULL, '其他操作');
INSERT INTO `sys_dict_data` (`dict_code`, `dict_sort`, `dict_label`, `dict_value`, `dict_type`, `css_class`, `list_class`, `is_default`, `status`, `create_by`, `create_time`, `update_by`, `update_time`, `remark`) VALUES (19, 1, '新增', '1', 'sys_oper_type', '', 'info', 'N', '0', 'admin', '2023-09-01 17:33:53', '', NULL, '新增操作');
INSERT INTO `sys_dict_data` (`dict_code`, `dict_sort`, `dict_label`, `dict_value`, `dict_type`, `css_class`, `list_class`, `is_default`, `status`, `create_by`, `create_time`, `update_by`, `update_time`, `remark`) VALUES (20, 2, '修改', '2', 'sys_oper_type', '', 'info', 'N', '0', 'admin', '2023-09-01 17:33:53', '', NULL, '修改操作');
INSERT INTO `sys_dict_data` (`dict_code`, `dict_sort`, `dict_label`, `dict_value`, `dict_type`, `css_class`, `list_class`, `is_default`, `status`, `create_by`, `create_time`, `update_by`, `update_time`, `remark`) VALUES (21, 3, '删除', '3', 'sys_oper_type', '', 'danger', 'N', '0', 'admin', '2023-09-01 17:33:53', '', NULL, '删除操作');
INSERT INTO `sys_dict_data` (`dict_code`, `dict_sort`, `dict_label`, `dict_value`, `dict_type`, `css_class`, `list_class`, `is_default`, `status`, `create_by`, `create_time`, `update_by`, `update_time`, `remark`) VALUES (22, 4, '授权', '4', 'sys_oper_type', '', 'primary', 'N', '0', 'admin', '2023-09-01 17:33:53', '', NULL, '授权操作');
INSERT INTO `sys_dict_data` (`dict_code`, `dict_sort`, `dict_label`, `dict_value`, `dict_type`, `css_class`, `list_class`, `is_default`, `status`, `create_by`, `create_time`, `update_by`, `update_time`, `remark`) VALUES (23, 5, '导出', '5', 'sys_oper_type', '', 'warning', 'N', '0', 'admin', '2023-09-01 17:33:53', '', NULL, '导出操作');
INSERT INTO `sys_dict_data` (`dict_code`, `dict_sort`, `dict_label`, `dict_value`, `dict_type`, `css_class`, `list_class`, `is_default`, `status`, `create_by`, `create_time`, `update_by`, `update_time`, `remark`) VALUES (24, 6, '导入', '6', 'sys_oper_type', '', 'warning', 'N', '0', 'admin', '2023-09-01 17:33:53', '', NULL, '导入操作');
INSERT INTO `sys_dict_data` (`dict_code`, `dict_sort`, `dict_label`, `dict_value`, `dict_type`, `css_class`, `list_class`, `is_default`, `status`, `create_by`, `create_time`, `update_by`, `update_time`, `remark`) VALUES (25, 7, '强退', '7', 'sys_oper_type', '', 'danger', 'N', '0', 'admin', '2023-09-01 17:33:53', '', NULL, '强退操作');
INSERT INTO `sys_dict_data` (`dict_code`, `dict_sort`, `dict_label`, `dict_value`, `dict_type`, `css_class`, `list_class`, `is_default`, `status`, `create_by`, `create_time`, `update_by`, `update_time`, `remark`) VALUES (26, 8, '生成代码', '8', 'sys_oper_type', '', 'warning', 'N', '0', 'admin', '2023-09-01 17:33:53', '', NULL, '生成操作');
INSERT INTO `sys_dict_data` (`dict_code`, `dict_sort`, `dict_label`, `dict_value`, `dict_type`, `css_class`, `list_class`, `is_default`, `status`, `create_by`, `create_time`, `update_by`, `update_time`, `remark`) VALUES (27, 9, '清空数据', '9', 'sys_oper_type', '', 'danger', 'N', '0', 'admin', '2023-09-01 17:33:53', '', NULL, '清空操作');
INSERT INTO `sys_dict_data` (`dict_code`, `dict_sort`, `dict_label`, `dict_value`, `dict_type`, `css_class`, `list_class`, `is_default`, `status`, `create_by`, `create_time`, `update_by`, `update_time`, `remark`) VALUES (28, 1, '成功', '0', 'sys_common_status', '', 'primary', 'N', '0', 'admin', '2023-09-01 17:33:53', '', NULL, '正常状态');
INSERT INTO `sys_dict_data` (`dict_code`, `dict_sort`, `dict_label`, `dict_value`, `dict_type`, `css_class`, `list_class`, `is_default`, `status`, `create_by`, `create_time`, `update_by`, `update_time`, `remark`) VALUES (29, 2, '失败', '1', 'sys_common_status', '', 'danger', 'N', '0', 'admin', '2023-09-01 17:33:53', '', NULL, '停用状态');
COMMIT;

-- ----------------------------
-- Table structure for sys_dict_type
-- ----------------------------
DROP TABLE IF EXISTS `sys_dict_type`;
CREATE TABLE `sys_dict_type` (
                                 `dict_id` bigint(20) NOT NULL AUTO_INCREMENT COMMENT '字典主键',
                                 `dict_name` varchar(100) DEFAULT '' COMMENT '字典名称',
                                 `dict_type` varchar(100) DEFAULT '' COMMENT '字典类型',
                                 `status` char(1) DEFAULT '0' COMMENT '状态（0正常 1停用）',
                                 `create_by` varchar(64) DEFAULT '' COMMENT '创建者',
                                 `create_time` datetime DEFAULT NULL COMMENT '创建时间',
                                 `update_by` varchar(64) DEFAULT '' COMMENT '更新者',
                                 `update_time` datetime DEFAULT NULL COMMENT '更新时间',
                                 `remark` varchar(500) DEFAULT NULL COMMENT '备注',
                                 PRIMARY KEY (`dict_id`),
                                 UNIQUE KEY `dict_type` (`dict_type`)
) ENGINE=InnoDB AUTO_INCREMENT=11 DEFAULT CHARSET=utf8mb4 COMMENT='字典类型表';

-- ----------------------------
-- Records of sys_dict_type
-- ----------------------------
BEGIN;
INSERT INTO `sys_dict_type` (`dict_id`, `dict_name`, `dict_type`, `status`, `create_by`, `create_time`, `update_by`, `update_time`, `remark`) VALUES (1, '用户性别', 'sys_user_sex', '0', 'admin', '2023-09-01 17:33:51', '', NULL, '用户性别列表');
INSERT INTO `sys_dict_type` (`dict_id`, `dict_name`, `dict_type`, `status`, `create_by`, `create_time`, `update_by`, `update_time`, `remark`) VALUES (2, '菜单状态', 'sys_show_hide', '0', 'admin', '2023-09-01 17:33:51', '', NULL, '菜单状态列表');
INSERT INTO `sys_dict_type` (`dict_id`, `dict_name`, `dict_type`, `status`, `create_by`, `create_time`, `update_by`, `update_time`, `remark`) VALUES (3, '系统开关', 'sys_normal_disable', '0', 'admin', '2023-09-01 17:33:51', '', NULL, '系统开关列表');
INSERT INTO `sys_dict_type` (`dict_id`, `dict_name`, `dict_type`, `status`, `create_by`, `create_time`, `update_by`, `update_time`, `remark`) VALUES (4, '任务状态', 'sys_job_status', '0', 'admin', '2023-09-01 17:33:51', '', NULL, '任务状态列表');
INSERT INTO `sys_dict_type` (`dict_id`, `dict_name`, `dict_type`, `status`, `create_by`, `create_time`, `update_by`, `update_time`, `remark`) VALUES (5, '任务分组', 'sys_job_group', '0', 'admin', '2023-09-01 17:33:52', '', NULL, '任务分组列表');
INSERT INTO `sys_dict_type` (`dict_id`, `dict_name`, `dict_type`, `status`, `create_by`, `create_time`, `update_by`, `update_time`, `remark`) VALUES (6, '系统是否', 'sys_yes_no', '0', 'admin', '2023-09-01 17:33:52', '', NULL, '系统是否列表');
INSERT INTO `sys_dict_type` (`dict_id`, `dict_name`, `dict_type`, `status`, `create_by`, `create_time`, `update_by`, `update_time`, `remark`) VALUES (7, '通知类型', 'sys_notice_type', '0', 'admin', '2023-09-01 17:33:52', '', NULL, '通知类型列表');
INSERT INTO `sys_dict_type` (`dict_id`, `dict_name`, `dict_type`, `status`, `create_by`, `create_time`, `update_by`, `update_time`, `remark`) VALUES (8, '通知状态', 'sys_notice_status', '0', 'admin', '2023-09-01 17:33:52', '', NULL, '通知状态列表');
INSERT INTO `sys_dict_type` (`dict_id`, `dict_name`, `dict_type`, `status`, `create_by`, `create_time`, `update_by`, `update_time`, `remark`) VALUES (9, '操作类型', 'sys_oper_type', '0', 'admin', '2023-09-01 17:33:52', '', NULL, '操作类型列表');
INSERT INTO `sys_dict_type` (`dict_id`, `dict_name`, `dict_type`, `status`, `create_by`, `create_time`, `update_by`, `update_time`, `remark`) VALUES (10, '系统状态', 'sys_common_status', '0', 'admin', '2023-09-01 17:33:52', '', NULL, '登录状态列表');
COMMIT;

-- ----------------------------
-- Table structure for sys_job
-- ----------------------------
DROP TABLE IF EXISTS `sys_job`;
CREATE TABLE `sys_job` (
                           `job_id` bigint(20) NOT NULL AUTO_INCREMENT COMMENT '任务ID',
                           `job_name` varchar(64) NOT NULL DEFAULT '' COMMENT '任务名称',
                           `job_group` varchar(64) NOT NULL DEFAULT 'DEFAULT' COMMENT '任务组名',
                           `invoke_target` varchar(500) NOT NULL COMMENT '调用目标字符串',
                           `cron_expression` varchar(255) DEFAULT '' COMMENT 'cron执行表达式',
                           `misfire_policy` varchar(20) DEFAULT '3' COMMENT '计划执行错误策略（1立即执行 2执行一次 3放弃执行）',
                           `concurrent` char(1) DEFAULT '1' COMMENT '是否并发执行（0允许 1禁止）',
                           `status` char(1) DEFAULT '0' COMMENT '状态（0正常 1暂停）',
                           `create_by` varchar(64) DEFAULT '' COMMENT '创建者',
                           `create_time` datetime DEFAULT NULL COMMENT '创建时间',
                           `update_by` varchar(64) DEFAULT '' COMMENT '更新者',
                           `update_time` datetime DEFAULT NULL COMMENT '更新时间',
                           `remark` varchar(500) DEFAULT '' COMMENT '备注信息',
                           PRIMARY KEY (`job_id`,`job_name`,`job_group`)
) ENGINE=InnoDB AUTO_INCREMENT=4 DEFAULT CHARSET=utf8mb4 COMMENT='定时任务调度表';

-- ----------------------------
-- Records of sys_job
-- ----------------------------
BEGIN;
INSERT INTO `sys_job` (`job_id`, `job_name`, `job_group`, `invoke_target`, `cron_expression`, `misfire_policy`, `concurrent`, `status`, `create_by`, `create_time`, `update_by`, `update_time`, `remark`) VALUES (1, '系统默认（无参）', 'DEFAULT', 'ryTask.ryNoParams', '0/10 * * * * ?', '3', '1', '1', 'admin', '2023-09-01 17:33:54', '', NULL, '');
INSERT INTO `sys_job` (`job_id`, `job_name`, `job_group`, `invoke_target`, `cron_expression`, `misfire_policy`, `concurrent`, `status`, `create_by`, `create_time`, `update_by`, `update_time`, `remark`) VALUES (2, '系统默认（有参）', 'DEFAULT', 'ryTask.ryParams(\'ry\')', '0/15 * * * * ?', '3', '1', '1', 'admin', '2023-09-01 17:33:54', '', NULL, '');
INSERT INTO `sys_job` (`job_id`, `job_name`, `job_group`, `invoke_target`, `cron_expression`, `misfire_policy`, `concurrent`, `status`, `create_by`, `create_time`, `update_by`, `update_time`, `remark`) VALUES (3, '系统默认（多参）', 'DEFAULT', 'ryTask.ryMultipleParams(\'ry\', true, 2000L, 316.50D, 100)', '0/20 * * * * ?', '3', '1', '1', 'admin', '2023-09-01 17:33:54', '', NULL, '');
COMMIT;

-- ----------------------------
-- Table structure for sys_job_log
-- ----------------------------
DROP TABLE IF EXISTS `sys_job_log`;
CREATE TABLE `sys_job_log` (
                               `job_log_id` bigint(20) NOT NULL AUTO_INCREMENT COMMENT '任务日志ID',
                               `job_name` varchar(64) NOT NULL COMMENT '任务名称',
                               `job_group` varchar(64) NOT NULL COMMENT '任务组名',
                               `invoke_target` varchar(500) NOT NULL COMMENT '调用目标字符串',
                               `job_message` varchar(500) DEFAULT NULL COMMENT '日志信息',
                               `status` char(1) DEFAULT '0' COMMENT '执行状态（0正常 1失败）',
                               `exception_info` varchar(2000) DEFAULT '' COMMENT '异常信息',
                               `create_time` datetime DEFAULT NULL COMMENT '创建时间',
                               PRIMARY KEY (`job_log_id`)
) ENGINE=InnoDB DEFAULT CHARSET=utf8mb4 COMMENT='定时任务调度日志表';

-- ----------------------------
-- Records of sys_job_log
-- ----------------------------
BEGIN;
COMMIT;

-- ----------------------------
-- Table structure for sys_logininfor
-- ----------------------------
DROP TABLE IF EXISTS `sys_logininfor`;
CREATE TABLE `sys_logininfor` (
                                  `info_id` bigint(20) NOT NULL AUTO_INCREMENT COMMENT '访问ID',
                                  `user_name` varchar(50) DEFAULT '' COMMENT '用户账号',
                                  `ipaddr` varchar(128) DEFAULT '' COMMENT '登录IP地址',
                                  `login_location` varchar(255) DEFAULT '' COMMENT '登录地点',
                                  `browser` varchar(50) DEFAULT '' COMMENT '浏览器类型',
                                  `os` varchar(50) DEFAULT '' COMMENT '操作系统',
                                  `status` char(1) DEFAULT '0' COMMENT '登录状态（0成功 1失败）',
                                  `msg` varchar(255) DEFAULT '' COMMENT '提示消息',
                                  `login_time` datetime DEFAULT NULL COMMENT '访问时间',
                                  PRIMARY KEY (`info_id`),
                                  KEY `idx_sys_logininfor_s` (`status`),
                                  KEY `idx_sys_logininfor_lt` (`login_time`)
) ENGINE=InnoDB AUTO_INCREMENT=326 DEFAULT CHARSET=utf8mb4 COMMENT='系统访问记录';

-- ----------------------------
-- Records of sys_logininfor
-- ----------------------------
BEGIN;
COMMIT;

-- ----------------------------
-- Table structure for sys_menu
-- ----------------------------
DROP TABLE IF EXISTS `sys_menu`;
CREATE TABLE `sys_menu` (
                            `menu_id` bigint(20) NOT NULL AUTO_INCREMENT COMMENT '菜单ID',
                            `menu_name` varchar(50) NOT NULL COMMENT '菜单名称',
                            `parent_id` bigint(20) DEFAULT '0' COMMENT '父菜单ID',
                            `order_num` int(4) DEFAULT '0' COMMENT '显示顺序',
                            `path` varchar(200) DEFAULT '' COMMENT '路由地址',
                            `component` varchar(255) DEFAULT NULL COMMENT '组件路径',
                            `query` varchar(255) DEFAULT NULL COMMENT '路由参数',
                            `is_frame` int(1) DEFAULT '1' COMMENT '是否为外链（0是 1否）',
                            `is_cache` int(1) DEFAULT '0' COMMENT '是否缓存（0缓存 1不缓存）',
                            `menu_type` char(1) DEFAULT '' COMMENT '菜单类型（M目录 C菜单 F按钮）',
                            `visible` char(1) DEFAULT '0' COMMENT '菜单状态（0显示 1隐藏）',
                            `status` char(1) DEFAULT '0' COMMENT '菜单状态（0正常 1停用）',
                            `perms` varchar(100) DEFAULT NULL COMMENT '权限标识',
                            `icon` varchar(100) DEFAULT '#' COMMENT '菜单图标',
                            `create_by` varchar(64) DEFAULT '' COMMENT '创建者',
                            `create_time` datetime DEFAULT NULL COMMENT '创建时间',
                            `update_by` varchar(64) DEFAULT '' COMMENT '更新者',
                            `update_time` datetime DEFAULT NULL COMMENT '更新时间',
                            `remark` varchar(500) DEFAULT '' COMMENT '备注',
                            PRIMARY KEY (`menu_id`)
) ENGINE=InnoDB AUTO_INCREMENT=2133 DEFAULT CHARSET=utf8mb4 COMMENT='菜单权限表';

-- ----------------------------
-- Records of sys_menu
-- ----------------------------
BEGIN;
INSERT INTO `sys_menu` (`menu_id`, `menu_name`, `parent_id`, `order_num`, `path`, `component`, `query`, `is_frame`, `is_cache`, `menu_type`, `visible`, `status`, `perms`, `icon`, `create_by`, `create_time`, `update_by`, `update_time`, `remark`) VALUES (1, '系统管理', 0, 1, 'system', NULL, '', 1, 0, 'M', '0', '0', '', 'system', 'admin', '2023-07-25 22:26:00', '', NULL, '系统管理目录');
INSERT INTO `sys_menu` (`menu_id`, `menu_name`, `parent_id`, `order_num`, `path`, `component`, `query`, `is_frame`, `is_cache`, `menu_type`, `visible`, `status`, `perms`, `icon`, `create_by`, `create_time`, `update_by`, `update_time`, `remark`) VALUES (2, '系统监控', 0, 2, 'monitor', NULL, '', 1, 0, 'M', '0', '0', '', 'monitor', 'admin', '2023-07-25 22:26:00', '', NULL, '系统监控目录');
INSERT INTO `sys_menu` (`menu_id`, `menu_name`, `parent_id`, `order_num`, `path`, `component`, `query`, `is_frame`, `is_cache`, `menu_type`, `visible`, `status`, `perms`, `icon`, `create_by`, `create_time`, `update_by`, `update_time`, `remark`) VALUES (3, '系统工具', 0, 3, 'tool', NULL, '', 1, 0, 'M', '0', '0', '', 'tool', 'admin', '2023-07-25 22:26:00', '', NULL, '系统工具目录');
INSERT INTO `sys_menu` (`menu_id`, `menu_name`, `parent_id`, `order_num`, `path`, `component`, `query`, `is_frame`, `is_cache`, `menu_type`, `visible`, `status`, `perms`, `icon`, `create_by`, `create_time`, `update_by`, `update_time`, `remark`) VALUES (100, '用户管理', 1, 1, 'user', 'system/user/index', '', 1, 0, 'C', '0', '0', 'system:user:list', 'user', 'admin', '2023-07-25 22:26:00', '', NULL, '用户管理菜单');
INSERT INTO `sys_menu` (`menu_id`, `menu_name`, `parent_id`, `order_num`, `path`, `component`, `query`, `is_frame`, `is_cache`, `menu_type`, `visible`, `status`, `perms`, `icon`, `create_by`, `create_time`, `update_by`, `update_time`, `remark`) VALUES (101, '角色管理', 1, 2, 'role', 'system/role/index', '', 1, 0, 'C', '0', '0', 'system:role:list', 'peoples', 'admin', '2023-07-25 22:26:00', '', NULL, '角色管理菜单');
INSERT INTO `sys_menu` (`menu_id`, `menu_name`, `parent_id`, `order_num`, `path`, `component`, `query`, `is_frame`, `is_cache`, `menu_type`, `visible`, `status`, `perms`, `icon`, `create_by`, `create_time`, `update_by`, `update_time`, `remark`) VALUES (102, '菜单管理', 1, 3, 'menu', 'system/menu/index', '', 1, 0, 'C', '0', '0', 'system:menu:list', 'tree-table', 'admin', '2023-07-25 22:26:00', '', NULL, '菜单管理菜单');
INSERT INTO `sys_menu` (`menu_id`, `menu_name`, `parent_id`, `order_num`, `path`, `component`, `query`, `is_frame`, `is_cache`, `menu_type`, `visible`, `status`, `perms`, `icon`, `create_by`, `create_time`, `update_by`, `update_time`, `remark`) VALUES (103, '部门管理', 1, 4, 'dept', 'system/dept/index', '', 1, 0, 'C', '0', '0', 'system:dept:list', 'tree', 'admin', '2023-07-25 22:26:00', '', NULL, '部门管理菜单');
INSERT INTO `sys_menu` (`menu_id`, `menu_name`, `parent_id`, `order_num`, `path`, `component`, `query`, `is_frame`, `is_cache`, `menu_type`, `visible`, `status`, `perms`, `icon`, `create_by`, `create_time`, `update_by`, `update_time`, `remark`) VALUES (104, '岗位管理', 1, 5, 'post', 'system/post/index', '', 1, 0, 'C', '0', '0', 'system:post:list', 'post', 'admin', '2023-07-25 22:26:00', '', NULL, '岗位管理菜单');
INSERT INTO `sys_menu` (`menu_id`, `menu_name`, `parent_id`, `order_num`, `path`, `component`, `query`, `is_frame`, `is_cache`, `menu_type`, `visible`, `status`, `perms`, `icon`, `create_by`, `create_time`, `update_by`, `update_time`, `remark`) VALUES (105, '字典管理', 1, 6, 'dict', 'system/dict/index', '', 1, 0, 'C', '0', '0', 'system:dict:list', 'dict', 'admin', '2023-07-25 22:26:00', '', NULL, '字典管理菜单');
INSERT INTO `sys_menu` (`menu_id`, `menu_name`, `parent_id`, `order_num`, `path`, `component`, `query`, `is_frame`, `is_cache`, `menu_type`, `visible`, `status`, `perms`, `icon`, `create_by`, `create_time`, `update_by`, `update_time`, `remark`) VALUES (106, '参数设置', 1, 7, 'config', 'system/config/index', '', 1, 0, 'C', '0', '0', 'system:config:list', 'edit', 'admin', '2023-07-25 22:26:00', '', NULL, '参数设置菜单');
INSERT INTO `sys_menu` (`menu_id`, `menu_name`, `parent_id`, `order_num`, `path`, `component`, `query`, `is_frame`, `is_cache`, `menu_type`, `visible`, `status`, `perms`, `icon`, `create_by`, `create_time`, `update_by`, `update_time`, `remark`) VALUES (107, '通知公告', 1, 8, 'notice', 'system/notice/index', '', 1, 0, 'C', '0', '0', 'system:notice:list', 'message', 'admin', '2023-07-25 22:26:00', '', NULL, '通知公告菜单');
INSERT INTO `sys_menu` (`menu_id`, `menu_name`, `parent_id`, `order_num`, `path`, `component`, `query`, `is_frame`, `is_cache`, `menu_type`, `visible`, `status`, `perms`, `icon`, `create_by`, `create_time`, `update_by`, `update_time`, `remark`) VALUES (108, '日志管理', 1, 9, 'log', '', '', 1, 0, 'M', '0', '0', '', 'log', 'admin', '2023-07-25 22:26:00', '', NULL, '日志管理菜单');
INSERT INTO `sys_menu` (`menu_id`, `menu_name`, `parent_id`, `order_num`, `path`, `component`, `query`, `is_frame`, `is_cache`, `menu_type`, `visible`, `status`, `perms`, `icon`, `create_by`, `create_time`, `update_by`, `update_time`, `remark`) VALUES (109, '在线用户', 2, 1, 'online', 'monitor/online/index', '', 1, 0, 'C', '0', '0', 'monitor:online:list', 'online', 'admin', '2023-07-25 22:26:00', '', NULL, '在线用户菜单');
INSERT INTO `sys_menu` (`menu_id`, `menu_name`, `parent_id`, `order_num`, `path`, `component`, `query`, `is_frame`, `is_cache`, `menu_type`, `visible`, `status`, `perms`, `icon`, `create_by`, `create_time`, `update_by`, `update_time`, `remark`) VALUES (110, '定时任务', 2, 2, 'job', 'monitor/job/index', '', 1, 0, 'C', '0', '0', 'monitor:job:list', 'job', 'admin', '2023-07-25 22:26:00', '', NULL, '定时任务菜单');
INSERT INTO `sys_menu` (`menu_id`, `menu_name`, `parent_id`, `order_num`, `path`, `component`, `query`, `is_frame`, `is_cache`, `menu_type`, `visible`, `status`, `perms`, `icon`, `create_by`, `create_time`, `update_by`, `update_time`, `remark`) VALUES (111, '数据监控', 2, 3, 'druid', 'monitor/druid/index', '', 1, 0, 'C', '0', '0', 'monitor:druid:list', 'druid', 'admin', '2023-07-25 22:26:00', '', NULL, '数据监控菜单');
INSERT INTO `sys_menu` (`menu_id`, `menu_name`, `parent_id`, `order_num`, `path`, `component`, `query`, `is_frame`, `is_cache`, `menu_type`, `visible`, `status`, `perms`, `icon`, `create_by`, `create_time`, `update_by`, `update_time`, `remark`) VALUES (112, '服务监控', 2, 4, 'server', 'monitor/server/index', '', 1, 0, 'C', '0', '0', 'monitor:server:list', 'server', 'admin', '2023-07-25 22:26:00', '', NULL, '服务监控菜单');
INSERT INTO `sys_menu` (`menu_id`, `menu_name`, `parent_id`, `order_num`, `path`, `component`, `query`, `is_frame`, `is_cache`, `menu_type`, `visible`, `status`, `perms`, `icon`, `create_by`, `create_time`, `update_by`, `update_time`, `remark`) VALUES (113, '缓存监控', 2, 5, 'cache', 'monitor/cache/index', '', 1, 0, 'C', '0', '0', 'monitor:cache:list', 'redis', 'admin', '2023-07-25 22:26:00', '', NULL, '缓存监控菜单');
INSERT INTO `sys_menu` (`menu_id`, `menu_name`, `parent_id`, `order_num`, `path`, `component`, `query`, `is_frame`, `is_cache`, `menu_type`, `visible`, `status`, `perms`, `icon`, `create_by`, `create_time`, `update_by`, `update_time`, `remark`) VALUES (114, '缓存列表', 2, 6, 'cacheList', 'monitor/cache/list', '', 1, 0, 'C', '0', '0', 'monitor:cache:list', 'redis-list', 'admin', '2023-07-25 22:26:00', '', NULL, '缓存列表菜单');
INSERT INTO `sys_menu` (`menu_id`, `menu_name`, `parent_id`, `order_num`, `path`, `component`, `query`, `is_frame`, `is_cache`, `menu_type`, `visible`, `status`, `perms`, `icon`, `create_by`, `create_time`, `update_by`, `update_time`, `remark`) VALUES (115, '表单构建', 3, 1, 'build', 'tool/build/index', '', 1, 0, 'C', '0', '0', 'tool:build:list', 'build', 'admin', '2023-07-25 22:26:00', '', NULL, '表单构建菜单');
INSERT INTO `sys_menu` (`menu_id`, `menu_name`, `parent_id`, `order_num`, `path`, `component`, `query`, `is_frame`, `is_cache`, `menu_type`, `visible`, `status`, `perms`, `icon`, `create_by`, `create_time`, `update_by`, `update_time`, `remark`) VALUES (116, '代码生成', 3, 2, 'gen', 'tool/gen/index', '', 1, 0, 'C', '0', '0', 'tool:gen:list', 'code', 'admin', '2023-07-25 22:26:00', '', NULL, '代码生成菜单');
INSERT INTO `sys_menu` (`menu_id`, `menu_name`, `parent_id`, `order_num`, `path`, `component`, `query`, `is_frame`, `is_cache`, `menu_type`, `visible`, `status`, `perms`, `icon`, `create_by`, `create_time`, `update_by`, `update_time`, `remark`) VALUES (117, '系统接口', 3, 3, 'swagger', 'tool/swagger/index', '', 1, 0, 'C', '0', '0', 'tool:swagger:list', 'swagger', 'admin', '2023-07-25 22:26:00', '', NULL, '系统接口菜单');
INSERT INTO `sys_menu` (`menu_id`, `menu_name`, `parent_id`, `order_num`, `path`, `component`, `query`, `is_frame`, `is_cache`, `menu_type`, `visible`, `status`, `perms`, `icon`, `create_by`, `create_time`, `update_by`, `update_time`, `remark`) VALUES (500, '操作日志', 108, 1, 'operlog', 'monitor/operlog/index', '', 1, 0, 'C', '0', '0', 'monitor:operlog:list', 'form', 'admin', '2023-07-25 22:26:00', '', NULL, '操作日志菜单');
INSERT INTO `sys_menu` (`menu_id`, `menu_name`, `parent_id`, `order_num`, `path`, `component`, `query`, `is_frame`, `is_cache`, `menu_type`, `visible`, `status`, `perms`, `icon`, `create_by`, `create_time`, `update_by`, `update_time`, `remark`) VALUES (501, '登录日志', 108, 2, 'logininfor', 'monitor/logininfor/index', '', 1, 0, 'C', '0', '0', 'monitor:logininfor:list', 'logininfor', 'admin', '2023-07-25 22:26:00', '', NULL, '登录日志菜单');
INSERT INTO `sys_menu` (`menu_id`, `menu_name`, `parent_id`, `order_num`, `path`, `component`, `query`, `is_frame`, `is_cache`, `menu_type`, `visible`, `status`, `perms`, `icon`, `create_by`, `create_time`, `update_by`, `update_time`, `remark`) VALUES (1000, '用户查询', 100, 1, '', '', '', 1, 0, 'F', '0', '0', 'system:user:query', '#', 'admin', '2023-07-25 22:26:00', '', NULL, '');
INSERT INTO `sys_menu` (`menu_id`, `menu_name`, `parent_id`, `order_num`, `path`, `component`, `query`, `is_frame`, `is_cache`, `menu_type`, `visible`, `status`, `perms`, `icon`, `create_by`, `create_time`, `update_by`, `update_time`, `remark`) VALUES (1001, '用户新增', 100, 2, '', '', '', 1, 0, 'F', '0', '0', 'system:user:add', '#', 'admin', '2023-07-25 22:26:00', '', NULL, '');
INSERT INTO `sys_menu` (`menu_id`, `menu_name`, `parent_id`, `order_num`, `path`, `component`, `query`, `is_frame`, `is_cache`, `menu_type`, `visible`, `status`, `perms`, `icon`, `create_by`, `create_time`, `update_by`, `update_time`, `remark`) VALUES (1002, '用户修改', 100, 3, '', '', '', 1, 0, 'F', '0', '0', 'system:user:edit', '#', 'admin', '2023-07-25 22:26:00', '', NULL, '');
INSERT INTO `sys_menu` (`menu_id`, `menu_name`, `parent_id`, `order_num`, `path`, `component`, `query`, `is_frame`, `is_cache`, `menu_type`, `visible`, `status`, `perms`, `icon`, `create_by`, `create_time`, `update_by`, `update_time`, `remark`) VALUES (1003, '用户删除', 100, 4, '', '', '', 1, 0, 'F', '0', '0', 'system:user:remove', '#', 'admin', '2023-07-25 22:26:00', '', NULL, '');
INSERT INTO `sys_menu` (`menu_id`, `menu_name`, `parent_id`, `order_num`, `path`, `component`, `query`, `is_frame`, `is_cache`, `menu_type`, `visible`, `status`, `perms`, `icon`, `create_by`, `create_time`, `update_by`, `update_time`, `remark`) VALUES (1004, '用户导出', 100, 5, '', '', '', 1, 0, 'F', '0', '0', 'system:user:export', '#', 'admin', '2023-07-25 22:26:00', '', NULL, '');
INSERT INTO `sys_menu` (`menu_id`, `menu_name`, `parent_id`, `order_num`, `path`, `component`, `query`, `is_frame`, `is_cache`, `menu_type`, `visible`, `status`, `perms`, `icon`, `create_by`, `create_time`, `update_by`, `update_time`, `remark`) VALUES (1005, '用户导入', 100, 6, '', '', '', 1, 0, 'F', '0', '0', 'system:user:import', '#', 'admin', '2023-07-25 22:26:00', '', NULL, '');
INSERT INTO `sys_menu` (`menu_id`, `menu_name`, `parent_id`, `order_num`, `path`, `component`, `query`, `is_frame`, `is_cache`, `menu_type`, `visible`, `status`, `perms`, `icon`, `create_by`, `create_time`, `update_by`, `update_time`, `remark`) VALUES (1006, '重置密码', 100, 7, '', '', '', 1, 0, 'F', '0', '0', 'system:user:resetPwd', '#', 'admin', '2023-07-25 22:26:00', '', NULL, '');
INSERT INTO `sys_menu` (`menu_id`, `menu_name`, `parent_id`, `order_num`, `path`, `component`, `query`, `is_frame`, `is_cache`, `menu_type`, `visible`, `status`, `perms`, `icon`, `create_by`, `create_time`, `update_by`, `update_time`, `remark`) VALUES (1007, '角色查询', 101, 1, '', '', '', 1, 0, 'F', '0', '0', 'system:role:query', '#', 'admin', '2023-07-25 22:26:00', '', NULL, '');
INSERT INTO `sys_menu` (`menu_id`, `menu_name`, `parent_id`, `order_num`, `path`, `component`, `query`, `is_frame`, `is_cache`, `menu_type`, `visible`, `status`, `perms`, `icon`, `create_by`, `create_time`, `update_by`, `update_time`, `remark`) VALUES (1008, '角色新增', 101, 2, '', '', '', 1, 0, 'F', '0', '0', 'system:role:add', '#', 'admin', '2023-07-25 22:26:00', '', NULL, '');
INSERT INTO `sys_menu` (`menu_id`, `menu_name`, `parent_id`, `order_num`, `path`, `component`, `query`, `is_frame`, `is_cache`, `menu_type`, `visible`, `status`, `perms`, `icon`, `create_by`, `create_time`, `update_by`, `update_time`, `remark`) VALUES (1009, '角色修改', 101, 3, '', '', '', 1, 0, 'F', '0', '0', 'system:role:edit', '#', 'admin', '2023-07-25 22:26:00', '', NULL, '');
INSERT INTO `sys_menu` (`menu_id`, `menu_name`, `parent_id`, `order_num`, `path`, `component`, `query`, `is_frame`, `is_cache`, `menu_type`, `visible`, `status`, `perms`, `icon`, `create_by`, `create_time`, `update_by`, `update_time`, `remark`) VALUES (1010, '角色删除', 101, 4, '', '', '', 1, 0, 'F', '0', '0', 'system:role:remove', '#', 'admin', '2023-07-25 22:26:00', '', NULL, '');
INSERT INTO `sys_menu` (`menu_id`, `menu_name`, `parent_id`, `order_num`, `path`, `component`, `query`, `is_frame`, `is_cache`, `menu_type`, `visible`, `status`, `perms`, `icon`, `create_by`, `create_time`, `update_by`, `update_time`, `remark`) VALUES (1011, '角色导出', 101, 5, '', '', '', 1, 0, 'F', '0', '0', 'system:role:export', '#', 'admin', '2023-07-25 22:26:00', '', NULL, '');
INSERT INTO `sys_menu` (`menu_id`, `menu_name`, `parent_id`, `order_num`, `path`, `component`, `query`, `is_frame`, `is_cache`, `menu_type`, `visible`, `status`, `perms`, `icon`, `create_by`, `create_time`, `update_by`, `update_time`, `remark`) VALUES (1012, '菜单查询', 102, 1, '', '', '', 1, 0, 'F', '0', '0', 'system:menu:query', '#', 'admin', '2023-07-25 22:26:00', '', NULL, '');
INSERT INTO `sys_menu` (`menu_id`, `menu_name`, `parent_id`, `order_num`, `path`, `component`, `query`, `is_frame`, `is_cache`, `menu_type`, `visible`, `status`, `perms`, `icon`, `create_by`, `create_time`, `update_by`, `update_time`, `remark`) VALUES (1013, '菜单新增', 102, 2, '', '', '', 1, 0, 'F', '0', '0', 'system:menu:add', '#', 'admin', '2023-07-25 22:26:00', '', NULL, '');
INSERT INTO `sys_menu` (`menu_id`, `menu_name`, `parent_id`, `order_num`, `path`, `component`, `query`, `is_frame`, `is_cache`, `menu_type`, `visible`, `status`, `perms`, `icon`, `create_by`, `create_time`, `update_by`, `update_time`, `remark`) VALUES (1014, '菜单修改', 102, 3, '', '', '', 1, 0, 'F', '0', '0', 'system:menu:edit', '#', 'admin', '2023-07-25 22:26:00', '', NULL, '');
INSERT INTO `sys_menu` (`menu_id`, `menu_name`, `parent_id`, `order_num`, `path`, `component`, `query`, `is_frame`, `is_cache`, `menu_type`, `visible`, `status`, `perms`, `icon`, `create_by`, `create_time`, `update_by`, `update_time`, `remark`) VALUES (1015, '菜单删除', 102, 4, '', '', '', 1, 0, 'F', '0', '0', 'system:menu:remove', '#', 'admin', '2023-07-25 22:26:00', '', NULL, '');
INSERT INTO `sys_menu` (`menu_id`, `menu_name`, `parent_id`, `order_num`, `path`, `component`, `query`, `is_frame`, `is_cache`, `menu_type`, `visible`, `status`, `perms`, `icon`, `create_by`, `create_time`, `update_by`, `update_time`, `remark`) VALUES (1016, '部门查询', 103, 1, '', '', '', 1, 0, 'F', '0', '0', 'system:dept:query', '#', 'admin', '2023-07-25 22:26:00', '', NULL, '');
INSERT INTO `sys_menu` (`menu_id`, `menu_name`, `parent_id`, `order_num`, `path`, `component`, `query`, `is_frame`, `is_cache`, `menu_type`, `visible`, `status`, `perms`, `icon`, `create_by`, `create_time`, `update_by`, `update_time`, `remark`) VALUES (1017, '部门新增', 103, 2, '', '', '', 1, 0, 'F', '0', '0', 'system:dept:add', '#', 'admin', '2023-07-25 22:26:00', '', NULL, '');
INSERT INTO `sys_menu` (`menu_id`, `menu_name`, `parent_id`, `order_num`, `path`, `component`, `query`, `is_frame`, `is_cache`, `menu_type`, `visible`, `status`, `perms`, `icon`, `create_by`, `create_time`, `update_by`, `update_time`, `remark`) VALUES (1018, '部门修改', 103, 3, '', '', '', 1, 0, 'F', '0', '0', 'system:dept:edit', '#', 'admin', '2023-07-25 22:26:00', '', NULL, '');
INSERT INTO `sys_menu` (`menu_id`, `menu_name`, `parent_id`, `order_num`, `path`, `component`, `query`, `is_frame`, `is_cache`, `menu_type`, `visible`, `status`, `perms`, `icon`, `create_by`, `create_time`, `update_by`, `update_time`, `remark`) VALUES (1019, '部门删除', 103, 4, '', '', '', 1, 0, 'F', '0', '0', 'system:dept:remove', '#', 'admin', '2023-07-25 22:26:00', '', NULL, '');
INSERT INTO `sys_menu` (`menu_id`, `menu_name`, `parent_id`, `order_num`, `path`, `component`, `query`, `is_frame`, `is_cache`, `menu_type`, `visible`, `status`, `perms`, `icon`, `create_by`, `create_time`, `update_by`, `update_time`, `remark`) VALUES (1020, '岗位查询', 104, 1, '', '', '', 1, 0, 'F', '0', '0', 'system:post:query', '#', 'admin', '2023-07-25 22:26:00', '', NULL, '');
INSERT INTO `sys_menu` (`menu_id`, `menu_name`, `parent_id`, `order_num`, `path`, `component`, `query`, `is_frame`, `is_cache`, `menu_type`, `visible`, `status`, `perms`, `icon`, `create_by`, `create_time`, `update_by`, `update_time`, `remark`) VALUES (1021, '岗位新增', 104, 2, '', '', '', 1, 0, 'F', '0', '0', 'system:post:add', '#', 'admin', '2023-07-25 22:26:00', '', NULL, '');
INSERT INTO `sys_menu` (`menu_id`, `menu_name`, `parent_id`, `order_num`, `path`, `component`, `query`, `is_frame`, `is_cache`, `menu_type`, `visible`, `status`, `perms`, `icon`, `create_by`, `create_time`, `update_by`, `update_time`, `remark`) VALUES (1022, '岗位修改', 104, 3, '', '', '', 1, 0, 'F', '0', '0', 'system:post:edit', '#', 'admin', '2023-07-25 22:26:00', '', NULL, '');
INSERT INTO `sys_menu` (`menu_id`, `menu_name`, `parent_id`, `order_num`, `path`, `component`, `query`, `is_frame`, `is_cache`, `menu_type`, `visible`, `status`, `perms`, `icon`, `create_by`, `create_time`, `update_by`, `update_time`, `remark`) VALUES (1023, '岗位删除', 104, 4, '', '', '', 1, 0, 'F', '0', '0', 'system:post:remove', '#', 'admin', '2023-07-25 22:26:00', '', NULL, '');
INSERT INTO `sys_menu` (`menu_id`, `menu_name`, `parent_id`, `order_num`, `path`, `component`, `query`, `is_frame`, `is_cache`, `menu_type`, `visible`, `status`, `perms`, `icon`, `create_by`, `create_time`, `update_by`, `update_time`, `remark`) VALUES (1024, '岗位导出', 104, 5, '', '', '', 1, 0, 'F', '0', '0', 'system:post:export', '#', 'admin', '2023-07-25 22:26:00', '', NULL, '');
INSERT INTO `sys_menu` (`menu_id`, `menu_name`, `parent_id`, `order_num`, `path`, `component`, `query`, `is_frame`, `is_cache`, `menu_type`, `visible`, `status`, `perms`, `icon`, `create_by`, `create_time`, `update_by`, `update_time`, `remark`) VALUES (1025, '字典查询', 105, 1, '#', '', '', 1, 0, 'F', '0', '0', 'system:dict:query', '#', 'admin', '2023-07-25 22:26:00', '', NULL, '');
INSERT INTO `sys_menu` (`menu_id`, `menu_name`, `parent_id`, `order_num`, `path`, `component`, `query`, `is_frame`, `is_cache`, `menu_type`, `visible`, `status`, `perms`, `icon`, `create_by`, `create_time`, `update_by`, `update_time`, `remark`) VALUES (1026, '字典新增', 105, 2, '#', '', '', 1, 0, 'F', '0', '0', 'system:dict:add', '#', 'admin', '2023-07-25 22:26:00', '', NULL, '');
INSERT INTO `sys_menu` (`menu_id`, `menu_name`, `parent_id`, `order_num`, `path`, `component`, `query`, `is_frame`, `is_cache`, `menu_type`, `visible`, `status`, `perms`, `icon`, `create_by`, `create_time`, `update_by`, `update_time`, `remark`) VALUES (1027, '字典修改', 105, 3, '#', '', '', 1, 0, 'F', '0', '0', 'system:dict:edit', '#', 'admin', '2023-07-25 22:26:00', '', NULL, '');
INSERT INTO `sys_menu` (`menu_id`, `menu_name`, `parent_id`, `order_num`, `path`, `component`, `query`, `is_frame`, `is_cache`, `menu_type`, `visible`, `status`, `perms`, `icon`, `create_by`, `create_time`, `update_by`, `update_time`, `remark`) VALUES (1028, '字典删除', 105, 4, '#', '', '', 1, 0, 'F', '0', '0', 'system:dict:remove', '#', 'admin', '2023-07-25 22:26:00', '', NULL, '');
INSERT INTO `sys_menu` (`menu_id`, `menu_name`, `parent_id`, `order_num`, `path`, `component`, `query`, `is_frame`, `is_cache`, `menu_type`, `visible`, `status`, `perms`, `icon`, `create_by`, `create_time`, `update_by`, `update_time`, `remark`) VALUES (1029, '字典导出', 105, 5, '#', '', '', 1, 0, 'F', '0', '0', 'system:dict:export', '#', 'admin', '2023-07-25 22:26:00', '', NULL, '');
INSERT INTO `sys_menu` (`menu_id`, `menu_name`, `parent_id`, `order_num`, `path`, `component`, `query`, `is_frame`, `is_cache`, `menu_type`, `visible`, `status`, `perms`, `icon`, `create_by`, `create_time`, `update_by`, `update_time`, `remark`) VALUES (1030, '参数查询', 106, 1, '#', '', '', 1, 0, 'F', '0', '0', 'system:config:query', '#', 'admin', '2023-07-25 22:26:00', '', NULL, '');
INSERT INTO `sys_menu` (`menu_id`, `menu_name`, `parent_id`, `order_num`, `path`, `component`, `query`, `is_frame`, `is_cache`, `menu_type`, `visible`, `status`, `perms`, `icon`, `create_by`, `create_time`, `update_by`, `update_time`, `remark`) VALUES (1031, '参数新增', 106, 2, '#', '', '', 1, 0, 'F', '0', '0', 'system:config:add', '#', 'admin', '2023-07-25 22:26:00', '', NULL, '');
INSERT INTO `sys_menu` (`menu_id`, `menu_name`, `parent_id`, `order_num`, `path`, `component`, `query`, `is_frame`, `is_cache`, `menu_type`, `visible`, `status`, `perms`, `icon`, `create_by`, `create_time`, `update_by`, `update_time`, `remark`) VALUES (1032, '参数修改', 106, 3, '#', '', '', 1, 0, 'F', '0', '0', 'system:config:edit', '#', 'admin', '2023-07-25 22:26:00', '', NULL, '');
INSERT INTO `sys_menu` (`menu_id`, `menu_name`, `parent_id`, `order_num`, `path`, `component`, `query`, `is_frame`, `is_cache`, `menu_type`, `visible`, `status`, `perms`, `icon`, `create_by`, `create_time`, `update_by`, `update_time`, `remark`) VALUES (1033, '参数删除', 106, 4, '#', '', '', 1, 0, 'F', '0', '0', 'system:config:remove', '#', 'admin', '2023-07-25 22:26:00', '', NULL, '');
INSERT INTO `sys_menu` (`menu_id`, `menu_name`, `parent_id`, `order_num`, `path`, `component`, `query`, `is_frame`, `is_cache`, `menu_type`, `visible`, `status`, `perms`, `icon`, `create_by`, `create_time`, `update_by`, `update_time`, `remark`) VALUES (1034, '参数导出', 106, 5, '#', '', '', 1, 0, 'F', '0', '0', 'system:config:export', '#', 'admin', '2023-07-25 22:26:00', '', NULL, '');
INSERT INTO `sys_menu` (`menu_id`, `menu_name`, `parent_id`, `order_num`, `path`, `component`, `query`, `is_frame`, `is_cache`, `menu_type`, `visible`, `status`, `perms`, `icon`, `create_by`, `create_time`, `update_by`, `update_time`, `remark`) VALUES (1035, '公告查询', 107, 1, '#', '', '', 1, 0, 'F', '0', '0', 'system:notice:query', '#', 'admin', '2023-07-25 22:26:00', '', NULL, '');
INSERT INTO `sys_menu` (`menu_id`, `menu_name`, `parent_id`, `order_num`, `path`, `component`, `query`, `is_frame`, `is_cache`, `menu_type`, `visible`, `status`, `perms`, `icon`, `create_by`, `create_time`, `update_by`, `update_time`, `remark`) VALUES (1036, '公告新增', 107, 2, '#', '', '', 1, 0, 'F', '0', '0', 'system:notice:add', '#', 'admin', '2023-07-25 22:26:00', '', NULL, '');
INSERT INTO `sys_menu` (`menu_id`, `menu_name`, `parent_id`, `order_num`, `path`, `component`, `query`, `is_frame`, `is_cache`, `menu_type`, `visible`, `status`, `perms`, `icon`, `create_by`, `create_time`, `update_by`, `update_time`, `remark`) VALUES (1037, '公告修改', 107, 3, '#', '', '', 1, 0, 'F', '0', '0', 'system:notice:edit', '#', 'admin', '2023-07-25 22:26:00', '', NULL, '');
INSERT INTO `sys_menu` (`menu_id`, `menu_name`, `parent_id`, `order_num`, `path`, `component`, `query`, `is_frame`, `is_cache`, `menu_type`, `visible`, `status`, `perms`, `icon`, `create_by`, `create_time`, `update_by`, `update_time`, `remark`) VALUES (1038, '公告删除', 107, 4, '#', '', '', 1, 0, 'F', '0', '0', 'system:notice:remove', '#', 'admin', '2023-07-25 22:26:00', '', NULL, '');
INSERT INTO `sys_menu` (`menu_id`, `menu_name`, `parent_id`, `order_num`, `path`, `component`, `query`, `is_frame`, `is_cache`, `menu_type`, `visible`, `status`, `perms`, `icon`, `create_by`, `create_time`, `update_by`, `update_time`, `remark`) VALUES (1039, '操作查询', 500, 1, '#', '', '', 1, 0, 'F', '0', '0', 'monitor:operlog:query', '#', 'admin', '2023-07-25 22:26:00', '', NULL, '');
INSERT INTO `sys_menu` (`menu_id`, `menu_name`, `parent_id`, `order_num`, `path`, `component`, `query`, `is_frame`, `is_cache`, `menu_type`, `visible`, `status`, `perms`, `icon`, `create_by`, `create_time`, `update_by`, `update_time`, `remark`) VALUES (1040, '操作删除', 500, 2, '#', '', '', 1, 0, 'F', '0', '0', 'monitor:operlog:remove', '#', 'admin', '2023-07-25 22:26:00', '', NULL, '');
INSERT INTO `sys_menu` (`menu_id`, `menu_name`, `parent_id`, `order_num`, `path`, `component`, `query`, `is_frame`, `is_cache`, `menu_type`, `visible`, `status`, `perms`, `icon`, `create_by`, `create_time`, `update_by`, `update_time`, `remark`) VALUES (1041, '日志导出', 500, 3, '#', '', '', 1, 0, 'F', '0', '0', 'monitor:operlog:export', '#', 'admin', '2023-07-25 22:26:00', '', NULL, '');
INSERT INTO `sys_menu` (`menu_id`, `menu_name`, `parent_id`, `order_num`, `path`, `component`, `query`, `is_frame`, `is_cache`, `menu_type`, `visible`, `status`, `perms`, `icon`, `create_by`, `create_time`, `update_by`, `update_time`, `remark`) VALUES (1042, '登录查询', 501, 1, '#', '', '', 1, 0, 'F', '0', '0', 'monitor:logininfor:query', '#', 'admin', '2023-07-25 22:26:00', '', NULL, '');
INSERT INTO `sys_menu` (`menu_id`, `menu_name`, `parent_id`, `order_num`, `path`, `component`, `query`, `is_frame`, `is_cache`, `menu_type`, `visible`, `status`, `perms`, `icon`, `create_by`, `create_time`, `update_by`, `update_time`, `remark`) VALUES (1043, '登录删除', 501, 2, '#', '', '', 1, 0, 'F', '0', '0', 'monitor:logininfor:remove', '#', 'admin', '2023-07-25 22:26:00', '', NULL, '');
INSERT INTO `sys_menu` (`menu_id`, `menu_name`, `parent_id`, `order_num`, `path`, `component`, `query`, `is_frame`, `is_cache`, `menu_type`, `visible`, `status`, `perms`, `icon`, `create_by`, `create_time`, `update_by`, `update_time`, `remark`) VALUES (1044, '日志导出', 501, 3, '#', '', '', 1, 0, 'F', '0', '0', 'monitor:logininfor:export', '#', 'admin', '2023-07-25 22:26:00', '', NULL, '');
INSERT INTO `sys_menu` (`menu_id`, `menu_name`, `parent_id`, `order_num`, `path`, `component`, `query`, `is_frame`, `is_cache`, `menu_type`, `visible`, `status`, `perms`, `icon`, `create_by`, `create_time`, `update_by`, `update_time`, `remark`) VALUES (1045, '账户解锁', 501, 4, '#', '', '', 1, 0, 'F', '0', '0', 'monitor:logininfor:unlock', '#', 'admin', '2023-07-25 22:26:00', '', NULL, '');
INSERT INTO `sys_menu` (`menu_id`, `menu_name`, `parent_id`, `order_num`, `path`, `component`, `query`, `is_frame`, `is_cache`, `menu_type`, `visible`, `status`, `perms`, `icon`, `create_by`, `create_time`, `update_by`, `update_time`, `remark`) VALUES (1046, '在线查询', 109, 1, '#', '', '', 1, 0, 'F', '0', '0', 'monitor:online:query', '#', 'admin', '2023-07-25 22:26:00', '', NULL, '');
INSERT INTO `sys_menu` (`menu_id`, `menu_name`, `parent_id`, `order_num`, `path`, `component`, `query`, `is_frame`, `is_cache`, `menu_type`, `visible`, `status`, `perms`, `icon`, `create_by`, `create_time`, `update_by`, `update_time`, `remark`) VALUES (1047, '批量强退', 109, 2, '#', '', '', 1, 0, 'F', '0', '0', 'monitor:online:batchLogout', '#', 'admin', '2023-07-25 22:26:00', '', NULL, '');
INSERT INTO `sys_menu` (`menu_id`, `menu_name`, `parent_id`, `order_num`, `path`, `component`, `query`, `is_frame`, `is_cache`, `menu_type`, `visible`, `status`, `perms`, `icon`, `create_by`, `create_time`, `update_by`, `update_time`, `remark`) VALUES (1048, '单条强退', 109, 3, '#', '', '', 1, 0, 'F', '0', '0', 'monitor:online:forceLogout', '#', 'admin', '2023-07-25 22:26:00', '', NULL, '');
INSERT INTO `sys_menu` (`menu_id`, `menu_name`, `parent_id`, `order_num`, `path`, `component`, `query`, `is_frame`, `is_cache`, `menu_type`, `visible`, `status`, `perms`, `icon`, `create_by`, `create_time`, `update_by`, `update_time`, `remark`) VALUES (1049, '任务查询', 110, 1, '#', '', '', 1, 0, 'F', '0', '0', 'monitor:job:query', '#', 'admin', '2023-07-25 22:26:00', '', NULL, '');
INSERT INTO `sys_menu` (`menu_id`, `menu_name`, `parent_id`, `order_num`, `path`, `component`, `query`, `is_frame`, `is_cache`, `menu_type`, `visible`, `status`, `perms`, `icon`, `create_by`, `create_time`, `update_by`, `update_time`, `remark`) VALUES (1050, '任务新增', 110, 2, '#', '', '', 1, 0, 'F', '0', '0', 'monitor:job:add', '#', 'admin', '2023-07-25 22:26:00', '', NULL, '');
INSERT INTO `sys_menu` (`menu_id`, `menu_name`, `parent_id`, `order_num`, `path`, `component`, `query`, `is_frame`, `is_cache`, `menu_type`, `visible`, `status`, `perms`, `icon`, `create_by`, `create_time`, `update_by`, `update_time`, `remark`) VALUES (1051, '任务修改', 110, 3, '#', '', '', 1, 0, 'F', '0', '0', 'monitor:job:edit', '#', 'admin', '2023-07-25 22:26:00', '', NULL, '');
INSERT INTO `sys_menu` (`menu_id`, `menu_name`, `parent_id`, `order_num`, `path`, `component`, `query`, `is_frame`, `is_cache`, `menu_type`, `visible`, `status`, `perms`, `icon`, `create_by`, `create_time`, `update_by`, `update_time`, `remark`) VALUES (1052, '任务删除', 110, 4, '#', '', '', 1, 0, 'F', '0', '0', 'monitor:job:remove', '#', 'admin', '2023-07-25 22:26:00', '', NULL, '');
INSERT INTO `sys_menu` (`menu_id`, `menu_name`, `parent_id`, `order_num`, `path`, `component`, `query`, `is_frame`, `is_cache`, `menu_type`, `visible`, `status`, `perms`, `icon`, `create_by`, `create_time`, `update_by`, `update_time`, `remark`) VALUES (1053, '状态修改', 110, 5, '#', '', '', 1, 0, 'F', '0', '0', 'monitor:job:changeStatus', '#', 'admin', '2023-07-25 22:26:00', '', NULL, '');
INSERT INTO `sys_menu` (`menu_id`, `menu_name`, `parent_id`, `order_num`, `path`, `component`, `query`, `is_frame`, `is_cache`, `menu_type`, `visible`, `status`, `perms`, `icon`, `create_by`, `create_time`, `update_by`, `update_time`, `remark`) VALUES (1054, '任务导出', 110, 6, '#', '', '', 1, 0, 'F', '0', '0', 'monitor:job:export', '#', 'admin', '2023-07-25 22:26:00', '', NULL, '');
INSERT INTO `sys_menu` (`menu_id`, `menu_name`, `parent_id`, `order_num`, `path`, `component`, `query`, `is_frame`, `is_cache`, `menu_type`, `visible`, `status`, `perms`, `icon`, `create_by`, `create_time`, `update_by`, `update_time`, `remark`) VALUES (1055, '生成查询', 116, 1, '#', '', '', 1, 0, 'F', '0', '0', 'tool:gen:query', '#', 'admin', '2023-07-25 22:26:00', '', NULL, '');
INSERT INTO `sys_menu` (`menu_id`, `menu_name`, `parent_id`, `order_num`, `path`, `component`, `query`, `is_frame`, `is_cache`, `menu_type`, `visible`, `status`, `perms`, `icon`, `create_by`, `create_time`, `update_by`, `update_time`, `remark`) VALUES (1056, '生成修改', 116, 2, '#', '', '', 1, 0, 'F', '0', '0', 'tool:gen:edit', '#', 'admin', '2023-07-25 22:26:00', '', NULL, '');
INSERT INTO `sys_menu` (`menu_id`, `menu_name`, `parent_id`, `order_num`, `path`, `component`, `query`, `is_frame`, `is_cache`, `menu_type`, `visible`, `status`, `perms`, `icon`, `create_by`, `create_time`, `update_by`, `update_time`, `remark`) VALUES (1057, '生成删除', 116, 3, '#', '', '', 1, 0, 'F', '0', '0', 'tool:gen:remove', '#', 'admin', '2023-07-25 22:26:00', '', NULL, '');
INSERT INTO `sys_menu` (`menu_id`, `menu_name`, `parent_id`, `order_num`, `path`, `component`, `query`, `is_frame`, `is_cache`, `menu_type`, `visible`, `status`, `perms`, `icon`, `create_by`, `create_time`, `update_by`, `update_time`, `remark`) VALUES (1058, '导入代码', 116, 4, '#', '', '', 1, 0, 'F', '0', '0', 'tool:gen:import', '#', 'admin', '2023-07-25 22:26:00', '', NULL, '');
INSERT INTO `sys_menu` (`menu_id`, `menu_name`, `parent_id`, `order_num`, `path`, `component`, `query`, `is_frame`, `is_cache`, `menu_type`, `visible`, `status`, `perms`, `icon`, `create_by`, `create_time`, `update_by`, `update_time`, `remark`) VALUES (1059, '预览代码', 116, 5, '#', '', '', 1, 0, 'F', '0', '0', 'tool:gen:preview', '#', 'admin', '2023-07-25 22:26:00', '', NULL, '');
INSERT INTO `sys_menu` (`menu_id`, `menu_name`, `parent_id`, `order_num`, `path`, `component`, `query`, `is_frame`, `is_cache`, `menu_type`, `visible`, `status`, `perms`, `icon`, `create_by`, `create_time`, `update_by`, `update_time`, `remark`) VALUES (1060, '生成代码', 116, 6, '#', '', '', 1, 0, 'F', '0', '0', 'tool:gen:code', '#', 'admin', '2023-07-25 22:26:00', '', NULL, '');
COMMIT;

-- ----------------------------
-- Table structure for sys_notice
-- ----------------------------
DROP TABLE IF EXISTS `sys_notice`;
CREATE TABLE `sys_notice` (
                              `notice_id` int(4) NOT NULL AUTO_INCREMENT COMMENT '公告ID',
                              `notice_title` varchar(50) NOT NULL COMMENT '公告标题',
                              `notice_type` char(1) NOT NULL COMMENT '公告类型（1通知 2公告）',
                              `notice_content` longblob COMMENT '公告内容',
                              `status` char(1) DEFAULT '0' COMMENT '公告状态（0正常 1关闭）',
                              `create_by` varchar(64) DEFAULT '' COMMENT '创建者',
                              `create_time` datetime DEFAULT NULL COMMENT '创建时间',
                              `update_by` varchar(64) DEFAULT '' COMMENT '更新者',
                              `update_time` datetime DEFAULT NULL COMMENT '更新时间',
                              `remark` varchar(255) DEFAULT NULL COMMENT '备注',
                              PRIMARY KEY (`notice_id`)
) ENGINE=InnoDB AUTO_INCREMENT=3 DEFAULT CHARSET=utf8mb4 COMMENT='通知公告表';

-- ----------------------------
-- Records of sys_notice
-- ----------------------------
BEGIN;
COMMIT;

-- ----------------------------
-- Table structure for sys_oper_log
-- ----------------------------
DROP TABLE IF EXISTS `sys_oper_log`;
CREATE TABLE `sys_oper_log` (
                                `oper_id` bigint(20) NOT NULL AUTO_INCREMENT COMMENT '日志主键',
                                `title` varchar(50) DEFAULT '' COMMENT '模块标题',
                                `business_type` int(2) DEFAULT '0' COMMENT '业务类型（0其它 1新增 2修改 3删除）',
                                `method` varchar(100) DEFAULT '' COMMENT '方法名称',
                                `request_method` varchar(10) DEFAULT '' COMMENT '请求方式',
                                `operator_type` int(1) DEFAULT '0' COMMENT '操作类别（0其它 1后台用户 2手机端用户）',
                                `oper_name` varchar(50) DEFAULT '' COMMENT '操作人员',
                                `dept_name` varchar(50) DEFAULT '' COMMENT '部门名称',
                                `oper_url` varchar(255) DEFAULT '' COMMENT '请求URL',
                                `oper_ip` varchar(128) DEFAULT '' COMMENT '主机地址',
                                `oper_location` varchar(255) DEFAULT '' COMMENT '操作地点',
                                `oper_param` varchar(2000) DEFAULT '' COMMENT '请求参数',
                                `json_result` varchar(2000) DEFAULT '' COMMENT '返回参数',
                                `status` int(1) DEFAULT '0' COMMENT '操作状态（0正常 1异常）',
                                `error_msg` varchar(2000) DEFAULT '' COMMENT '错误消息',
                                `oper_time` datetime DEFAULT NULL COMMENT '操作时间',
                                `cost_time` bigint(20) DEFAULT '0' COMMENT '消耗时间',
                                PRIMARY KEY (`oper_id`),
                                KEY `idx_sys_oper_log_bt` (`business_type`),
                                KEY `idx_sys_oper_log_s` (`status`),
                                KEY `idx_sys_oper_log_ot` (`oper_time`)
) ENGINE=InnoDB AUTO_INCREMENT=417 DEFAULT CHARSET=utf8mb4 COMMENT='操作日志记录';

-- ----------------------------
-- Records of sys_oper_log
-- ----------------------------
BEGIN;
COMMIT;

-- ----------------------------
-- Table structure for sys_post
-- ----------------------------
DROP TABLE IF EXISTS `sys_post`;
CREATE TABLE `sys_post` (
                            `post_id` bigint(20) NOT NULL AUTO_INCREMENT COMMENT '岗位ID',
                            `post_code` varchar(64) NOT NULL COMMENT '岗位编码',
                            `post_name` varchar(50) NOT NULL COMMENT '岗位名称',
                            `post_sort` int(4) NOT NULL COMMENT '显示顺序',
                            `status` char(1) NOT NULL COMMENT '状态（0正常 1停用）',
                            `create_by` varchar(64) DEFAULT '' COMMENT '创建者',
                            `create_time` datetime DEFAULT NULL COMMENT '创建时间',
                            `update_by` varchar(64) DEFAULT '' COMMENT '更新者',
                            `update_time` datetime DEFAULT NULL COMMENT '更新时间',
                            `remark` varchar(500) DEFAULT NULL COMMENT '备注',
                            PRIMARY KEY (`post_id`)
) ENGINE=InnoDB AUTO_INCREMENT=5 DEFAULT CHARSET=utf8mb4 COMMENT='岗位信息表';

-- ----------------------------
-- Records of sys_post
-- ----------------------------
BEGIN;
COMMIT;

-- ----------------------------
-- Table structure for sys_role
-- ----------------------------
DROP TABLE IF EXISTS `sys_role`;
CREATE TABLE `sys_role` (
                            `role_id` bigint(20) NOT NULL AUTO_INCREMENT COMMENT '角色ID',
                            `role_name` varchar(30) NOT NULL COMMENT '角色名称',
                            `role_key` varchar(100) NOT NULL COMMENT '角色权限字符串',
                            `role_sort` int(4) NOT NULL COMMENT '显示顺序',
                            `data_scope` char(1) DEFAULT '1' COMMENT '数据范围（1：全部项目数据权限 2：自定义项目数据权限 3：仅参与的项目的数据权限）',
                            `menu_check_strictly` tinyint(1) DEFAULT '1' COMMENT '菜单树选择项是否关联显示',
                            `dept_check_strictly` tinyint(1) DEFAULT '1' COMMENT '部门树选择项是否关联显示',
                            `status` char(1) NOT NULL COMMENT '角色状态（0正常 1停用）',
                            `del_flag` char(1) DEFAULT '0' COMMENT '删除标志（0代表存在 2代表删除）',
                            `create_by` varchar(64) DEFAULT '' COMMENT '创建者',
                            `create_time` datetime DEFAULT NULL COMMENT '创建时间',
                            `update_by` varchar(64) DEFAULT '' COMMENT '更新者',
                            `update_time` datetime DEFAULT NULL COMMENT '更新时间',
                            `remark` varchar(500) DEFAULT NULL COMMENT '备注',
                            PRIMARY KEY (`role_id`)
) ENGINE=InnoDB AUTO_INCREMENT=108 DEFAULT CHARSET=utf8mb4 COMMENT='角色信息表';

-- ----------------------------
-- Records of sys_role
-- ----------------------------
BEGIN;
INSERT INTO `sys_role` (`role_id`, `role_name`, `role_key`, `role_sort`, `data_scope`, `menu_check_strictly`, `dept_check_strictly`, `status`, `del_flag`, `create_by`, `create_time`, `update_by`, `update_time`, `remark`) VALUES (1, '超级管理员', 'admin', 1, '1', 1, 1, '0', '0', 'admin', '2023-09-01 17:33:43', '', NULL, '超级管理员');
INSERT INTO `sys_role` (`role_id`, `role_name`, `role_key`, `role_sort`, `data_scope`, `menu_check_strictly`, `dept_check_strictly`, `status`, `del_flag`, `create_by`, `create_time`, `update_by`, `update_time`, `remark`) VALUES (2, '普通角色', 'common', 2, '2', 1, 1, '0', '0', 'admin', '2023-09-01 17:33:43', '', NULL, '普通角色');
COMMIT;

-- ----------------------------
-- Table structure for sys_role_dept
-- ----------------------------
DROP TABLE IF EXISTS `sys_role_dept`;
CREATE TABLE `sys_role_dept` (
                                 `role_id` bigint(20) NOT NULL COMMENT '角色ID',
                                 `dept_id` bigint(20) NOT NULL COMMENT '部门ID',
                                 PRIMARY KEY (`role_id`,`dept_id`)
) ENGINE=InnoDB DEFAULT CHARSET=utf8mb4 COMMENT='角色和部门关联表';

-- ----------------------------
-- Records of sys_role_dept
-- ----------------------------
BEGIN;
COMMIT;

-- ----------------------------
-- Table structure for sys_role_menu
-- ----------------------------
DROP TABLE IF EXISTS `sys_role_menu`;
CREATE TABLE `sys_role_menu` (
                                 `role_id` bigint(20) NOT NULL COMMENT '角色ID',
                                 `menu_id` bigint(20) NOT NULL COMMENT '菜单ID',
                                 PRIMARY KEY (`role_id`,`menu_id`)
) ENGINE=InnoDB DEFAULT CHARSET=utf8mb4 COMMENT='角色和菜单关联表';

-- ----------------------------
-- Records of sys_role_menu
-- ----------------------------
BEGIN;
INSERT INTO `sys_role_menu` (`role_id`, `menu_id`) VALUES (2, 1);
INSERT INTO `sys_role_menu` (`role_id`, `menu_id`) VALUES (2, 100);
INSERT INTO `sys_role_menu` (`role_id`, `menu_id`) VALUES (2, 101);
INSERT INTO `sys_role_menu` (`role_id`, `menu_id`) VALUES (2, 102);
INSERT INTO `sys_role_menu` (`role_id`, `menu_id`) VALUES (2, 108);
INSERT INTO `sys_role_menu` (`role_id`, `menu_id`) VALUES (2, 109);
INSERT INTO `sys_role_menu` (`role_id`, `menu_id`) VALUES (2, 110);
INSERT INTO `sys_role_menu` (`role_id`, `menu_id`) VALUES (2, 111);
INSERT INTO `sys_role_menu` (`role_id`, `menu_id`) VALUES (2, 112);
INSERT INTO `sys_role_menu` (`role_id`, `menu_id`) VALUES (2, 113);
INSERT INTO `sys_role_menu` (`role_id`, `menu_id`) VALUES (2, 114);
INSERT INTO `sys_role_menu` (`role_id`, `menu_id`) VALUES (2, 115);
INSERT INTO `sys_role_menu` (`role_id`, `menu_id`) VALUES (2, 116);
INSERT INTO `sys_role_menu` (`role_id`, `menu_id`) VALUES (2, 117);
INSERT INTO `sys_role_menu` (`role_id`, `menu_id`) VALUES (2, 500);
INSERT INTO `sys_role_menu` (`role_id`, `menu_id`) VALUES (2, 501);
INSERT INTO `sys_role_menu` (`role_id`, `menu_id`) VALUES (2, 1000);
INSERT INTO `sys_role_menu` (`role_id`, `menu_id`) VALUES (2, 1001);
INSERT INTO `sys_role_menu` (`role_id`, `menu_id`) VALUES (2, 1002);
INSERT INTO `sys_role_menu` (`role_id`, `menu_id`) VALUES (2, 1003);
INSERT INTO `sys_role_menu` (`role_id`, `menu_id`) VALUES (2, 1004);
INSERT INTO `sys_role_menu` (`role_id`, `menu_id`) VALUES (2, 1005);
INSERT INTO `sys_role_menu` (`role_id`, `menu_id`) VALUES (2, 1006);
INSERT INTO `sys_role_menu` (`role_id`, `menu_id`) VALUES (2, 1007);
INSERT INTO `sys_role_menu` (`role_id`, `menu_id`) VALUES (2, 1008);
INSERT INTO `sys_role_menu` (`role_id`, `menu_id`) VALUES (2, 1009);
INSERT INTO `sys_role_menu` (`role_id`, `menu_id`) VALUES (2, 1010);
INSERT INTO `sys_role_menu` (`role_id`, `menu_id`) VALUES (2, 1011);
INSERT INTO `sys_role_menu` (`role_id`, `menu_id`) VALUES (2, 1012);
INSERT INTO `sys_role_menu` (`role_id`, `menu_id`) VALUES (2, 1013);
INSERT INTO `sys_role_menu` (`role_id`, `menu_id`) VALUES (2, 1014);
INSERT INTO `sys_role_menu` (`role_id`, `menu_id`) VALUES (2, 1015);
INSERT INTO `sys_role_menu` (`role_id`, `menu_id`) VALUES (2, 1017);
INSERT INTO `sys_role_menu` (`role_id`, `menu_id`) VALUES (2, 1018);
INSERT INTO `sys_role_menu` (`role_id`, `menu_id`) VALUES (2, 1019);
INSERT INTO `sys_role_menu` (`role_id`, `menu_id`) VALUES (2, 1020);
INSERT INTO `sys_role_menu` (`role_id`, `menu_id`) VALUES (2, 1021);
INSERT INTO `sys_role_menu` (`role_id`, `menu_id`) VALUES (2, 1022);
INSERT INTO `sys_role_menu` (`role_id`, `menu_id`) VALUES (2, 1023);
INSERT INTO `sys_role_menu` (`role_id`, `menu_id`) VALUES (2, 1024);
INSERT INTO `sys_role_menu` (`role_id`, `menu_id`) VALUES (2, 1025);
INSERT INTO `sys_role_menu` (`role_id`, `menu_id`) VALUES (2, 1026);
INSERT INTO `sys_role_menu` (`role_id`, `menu_id`) VALUES (2, 1027);
INSERT INTO `sys_role_menu` (`role_id`, `menu_id`) VALUES (2, 1028);
INSERT INTO `sys_role_menu` (`role_id`, `menu_id`) VALUES (2, 1029);
INSERT INTO `sys_role_menu` (`role_id`, `menu_id`) VALUES (2, 1030);
INSERT INTO `sys_role_menu` (`role_id`, `menu_id`) VALUES (2, 1031);
INSERT INTO `sys_role_menu` (`role_id`, `menu_id`) VALUES (2, 1032);
INSERT INTO `sys_role_menu` (`role_id`, `menu_id`) VALUES (2, 1033);
INSERT INTO `sys_role_menu` (`role_id`, `menu_id`) VALUES (2, 1034);
INSERT INTO `sys_role_menu` (`role_id`, `menu_id`) VALUES (2, 1035);
INSERT INTO `sys_role_menu` (`role_id`, `menu_id`) VALUES (2, 1036);
INSERT INTO `sys_role_menu` (`role_id`, `menu_id`) VALUES (2, 1037);
INSERT INTO `sys_role_menu` (`role_id`, `menu_id`) VALUES (2, 1038);
INSERT INTO `sys_role_menu` (`role_id`, `menu_id`) VALUES (2, 1039);
INSERT INTO `sys_role_menu` (`role_id`, `menu_id`) VALUES (2, 1040);
INSERT INTO `sys_role_menu` (`role_id`, `menu_id`) VALUES (2, 1041);
INSERT INTO `sys_role_menu` (`role_id`, `menu_id`) VALUES (2, 1042);
INSERT INTO `sys_role_menu` (`role_id`, `menu_id`) VALUES (2, 1043);
INSERT INTO `sys_role_menu` (`role_id`, `menu_id`) VALUES (2, 1044);
INSERT INTO `sys_role_menu` (`role_id`, `menu_id`) VALUES (2, 1045);
COMMIT;

-- ----------------------------
-- Table structure for sys_user
-- ----------------------------
DROP TABLE IF EXISTS `sys_user`;
CREATE TABLE `sys_user` (
                            `user_id` bigint(20) NOT NULL AUTO_INCREMENT COMMENT '用户ID',
                            `dept_id` bigint(20) DEFAULT NULL COMMENT '部门ID',
                            `user_name` varchar(30) NOT NULL COMMENT '用户账号',
                            `nick_name` varchar(30) NOT NULL COMMENT '用户昵称',
                            `user_type` varchar(2) DEFAULT '00' COMMENT '用户类型（00系统用户）',
                            `email` varchar(50) DEFAULT '' COMMENT '用户邮箱',
                            `phonenumber` varchar(11) DEFAULT '' COMMENT '手机号码',
                            `sex` char(1) DEFAULT '0' COMMENT '用户性别（0男 1女 2未知）',
                            `avatar` varchar(100) DEFAULT '' COMMENT '头像地址',
                            `password` varchar(100) DEFAULT '' COMMENT '密码',
                            `status` char(1) DEFAULT '0' COMMENT '帐号状态（0正常 1停用）',
                            `del_flag` char(1) DEFAULT '0' COMMENT '删除标志（0代表存在 2代表删除）',
                            `login_ip` varchar(128) DEFAULT '' COMMENT '最后登录IP',
                            `login_date` datetime DEFAULT NULL COMMENT '最后登录时间',
                            `create_by` varchar(64) DEFAULT '' COMMENT '创建者',
                            `create_time` datetime DEFAULT NULL COMMENT '创建时间',
                            `update_by` varchar(64) DEFAULT '' COMMENT '更新者',
                            `update_time` datetime DEFAULT NULL COMMENT '更新时间',
                            `remark` varchar(500) DEFAULT NULL COMMENT '备注',
                            PRIMARY KEY (`user_id`)
) ENGINE=InnoDB AUTO_INCREMENT=111 DEFAULT CHARSET=utf8mb4 COMMENT='用户信息表';

-- ----------------------------
-- Records of sys_user
-- ----------------------------
BEGIN;
INSERT INTO `sys_user` (`user_id`, `dept_id`, `user_name`, `nick_name`, `user_type`, `email`, `phonenumber`, `sex`, `avatar`, `password`, `status`, `del_flag`, `login_ip`, `login_date`, `create_by`, `create_time`, `update_by`, `update_time`, `remark`) VALUES (1, 103, 'admin', '简窝', '00', 'admin@jianwoo.cn', '15888888888', '1', '', '$2a$10$noULk3fWkXeIOFzGEMUf1usIYlOzN5BsWMvwKH40DH4zTapWhRcX6', '0', '0', '112.64.196.54', '2023-09-11 09:07:50', 'admin', '2023-09-01 17:33:42', '', '2023-09-11 09:07:50', '管理员');
INSERT INTO `sys_user` (`user_id`, `dept_id`, `user_name`, `nick_name`, `user_type`, `email`, `phonenumber`, `sex`, `avatar`, `password`, `status`, `del_flag`, `login_ip`, `login_date`, `create_by`, `create_time`, `update_by`, `update_time`, `remark`) VALUES (2, 105, 'jianwoo', '简窝', '00', 'admin@jianwoo.cn', '15666666666', '1', '', '$2a$10$7JB720yubVSZvUI0rEqK/.VqGOZTH.ulu33dHOiBE8ByOhJIrdAu2', '0', '0', '127.0.0.1', '2023-09-01 17:33:42', 'admin', '2023-09-01 17:33:42', '', NULL, '测试员');
COMMIT;

-- ----------------------------
-- Table structure for sys_user_post
-- ----------------------------
DROP TABLE IF EXISTS `sys_user_post`;
CREATE TABLE `sys_user_post` (
                                 `user_id` bigint(20) NOT NULL COMMENT '用户ID',
                                 `post_id` bigint(20) NOT NULL COMMENT '岗位ID',
                                 PRIMARY KEY (`user_id`,`post_id`)
) ENGINE=InnoDB DEFAULT CHARSET=utf8mb4 COMMENT='用户与岗位关联表';

-- ----------------------------
-- Records of sys_user_post
-- ----------------------------
BEGIN;
INSERT INTO `sys_user_post` (`user_id`, `post_id`) VALUES (1, 1);
INSERT INTO `sys_user_post` (`user_id`, `post_id`) VALUES (2, 2);
INSERT INTO `sys_user_post` (`user_id`, `post_id`) VALUES (110, 2);
COMMIT;

-- ----------------------------
-- Table structure for sys_user_role
-- ----------------------------
DROP TABLE IF EXISTS `sys_user_role`;
CREATE TABLE `sys_user_role` (
                                 `user_id` bigint(20) NOT NULL COMMENT '用户ID',
                                 `role_id` bigint(20) NOT NULL COMMENT '角色ID',
                                 PRIMARY KEY (`user_id`,`role_id`)
) ENGINE=InnoDB DEFAULT CHARSET=utf8mb4 COMMENT='用户和角色关联表';

-- ----------------------------
-- Records of sys_user_role
-- ----------------------------
BEGIN;
INSERT INTO `sys_user_role` (`user_id`, `role_id`) VALUES (1, 1);
INSERT INTO `sys_user_role` (`user_id`, `role_id`) VALUES (2, 2);
INSERT INTO `sys_user_role` (`user_id`, `role_id`) VALUES (102, 103);
INSERT INTO `sys_user_role` (`user_id`, `role_id`) VALUES (103, 100);
INSERT INTO `sys_user_role` (`user_id`, `role_id`) VALUES (104, 102);
INSERT INTO `sys_user_role` (`user_id`, `role_id`) VALUES (105, 101);
INSERT INTO `sys_user_role` (`user_id`, `role_id`) VALUES (105, 107);
INSERT INTO `sys_user_role` (`user_id`, `role_id`) VALUES (106, 104);
INSERT INTO `sys_user_role` (`user_id`, `role_id`) VALUES (107, 106);
INSERT INTO `sys_user_role` (`user_id`, `role_id`) VALUES (108, 107);
INSERT INTO `sys_user_role` (`user_id`, `role_id`) VALUES (109, 103);
INSERT INTO `sys_user_role` (`user_id`, `role_id`) VALUES (110, 107);
COMMIT;

-- ----------------------------
-- Function structure for GET_SEQ
-- ----------------------------
DROP FUNCTION IF EXISTS `GET_SEQ`;
delimiter ;;
CREATE FUNCTION `GET_SEQ`(TYPE VARCHAR(10))
    RETURNS int(11)
begin
declare value integer;
set value = 0;
select seq into value from sequence WHERE `name` = TYPE;
return value;
end
;;
delimiter ;

-- ----------------------------
-- Function structure for NEXT_SEQ
-- ----------------------------
DROP FUNCTION IF EXISTS `NEXT_SEQ`;
delimiter ;;
CREATE FUNCTION `NEXT_SEQ`(TYPE VARCHAR(10))
    RETURNS int(11)
begin
declare value integer;
select seq into value from sequence WHERE `name` = TYPE;
if value >= 99999
    then update sequence set seq = 10000 where `name` = TYPE;
else update sequence set seq = seq + 1 where `name` = TYPE;
end if;
return value;
end
;;
delimiter ;

SET FOREIGN_KEY_CHECKS = 1;
